trading_date,symbol,snapshot_count,ok_count,error_count,unassessable_count,coherent_count,transitional_conflict_count,persistent_conflict_count,hard_contract_failure_count,transitional_conflict_incidents,persistent_conflict_incidents,transition_explained_incidents,unresolved_conflict_incidents,unresolved_transitional_conflict_incidents,unresolved_persistent_conflict_incidents,hard_failure_incidents,directional_start_conflicts,directional_maturity_conflicts,lineage_anomalies,episode_count,event_count,max_opposite_evidence_streak,finding_codes,review_priority,needs_review,detail_file
2026-08-03,360ONE,120,120,0,0,68,48,4,0,4,3,4,3,2,1,0,0,0,0,9,47,4,EPISODE_RAW_STRUCTURE_CONFLICT|EPISODE_SLOPE_CONFLICT|EPISODE_TREND_CONFLICT|FRESH_OPPOSITE_EVIDENCE|PERSISTENT_OPPOSITE_EVIDENCE,P2,True,
2026-08-03,ABB,120,120,0,0,73,43,4,0,5,1,2,4,4,0,0,0,1,0,8,60,6,DIRECTIONAL_MATURITY_CONFLICT|EPISODE_RAW_STRUCTURE_CONFLICT|EPISODE_SLOPE_CONFLICT|EPISODE_TREND_CONFLICT|FRESH_OPPOSITE_EVIDENCE|PERSISTENT_OPPOSITE_EVIDENCE,P2,True,
2026-08-03,ABCAPITAL,120,120,0,0,74,44,2,0,6,1,6,1,0,1,0,1,0,0,13,80,4,DIRECTIONAL_START_CONFLICT|EPISODE_RAW_STRUCTURE_CONFLICT|EPISODE_SLOPE_CONFLICT|EPISODE_TREND_CONFLICT|FRESH_OPPOSITE_EVIDENCE|PERSISTENT_OPPOSITE_EVIDENCE,P2,True,
2026-08-03,ADANIGREEN,120,120,0,0,71,44,5,0,6,2,4,4,4,0,0,1,0,0,9,40,5,DIRECTIONAL_START_CONFLICT|EPISODE_RAW_STRUCTURE_CONFLICT|EPISODE_SLOPE_CONFLICT|EPISODE_TREND_CONFLICT|FRESH_OPPOSITE_EVIDENCE|PERSISTENT_OPPOSITE_EVIDENCE,P2,True,
2026-08-03,ADANIPORTS,120,120,0,0,91,29,0,0,4,0,3,1,1,0,0,0,0,0,6,34,2,EPISODE_RAW_STRUCTURE_CONFLICT|EPISODE_SLOPE_CONFLICT|EPISODE_TREND_CONFLICT|FRESH_OPPOSITE_EVIDENCE,P3,False,
2026-08-03,AMBER,120,120,0,0,98,18,4,0,2,3,2,3,1,2,0,1,2,0,4,24,4,DIRECTIONAL_MATURITY_CONFLICT|DIRECTIONAL_START_CONFLICT|EPISODE_RAW_STRUCTURE_CONFLICT|EPISODE_SLOPE_CONFLICT|EPISODE_TREND_CONFLICT|FRESH_OPPOSITE_EVIDENCE|PERSISTENT_OPPOSITE_EVIDENCE,P2,True,
2026-08-03,ANGELONE,120,120,0,0,83,36,1,0,6,1,5,2,2,0,0,0,0,0,11,56,3,EPISODE_RAW_STRUCTURE_CONFLICT|EPISODE_SLOPE_CONFLICT|EPISODE_TREND_CONFLICT|FRESH_OPPOSITE_EVIDENCE|PERSISTENT_OPPOSITE_EVIDENCE,P3,False,
2026-08-03,ASTRAL,120,120,0,0,104,16,0,0,3,0,2,1,1,0,0,0,0,0,3,30,2,EPISODE_RAW_STRUCTURE_CONFLICT|EPISODE_SLOPE_CONFLICT|EPISODE_TREND_CONFLICT|FRESH_OPPOSITE_EVIDENCE,P3,False,
2026-08-03,AUBANK,120,120,0,0,102,18,0,0,2,0,2,0,0,0,0,0,0,0,4,28,2,EPISODE_RAW_STRUCTURE_CONFLICT|EPISODE_SLOPE_CONFLICT|EPISODE_TREND_CONFLICT|FRESH_OPPOSITE_EVIDENCE,P3,False,
2026-08-03,AXISBANK,120,120,0,0,108,12,0,0,1,0,1,0,0,0,0,0,0,0,3,15,1,EPISODE_RAW_STRUCTURE_CONFLICT|EPISODE_SLOPE_CONFLICT|EPISODE_TREND_CONFLICT|FRESH_OPPOSITE_EVIDENCE,P3,False,
2026-08-03,BAJAJ-AUTO,120,120,0,0,44,70,6,0,17,3,1,19,16,3,0,0,0,0,2,12,5,EPISODE_RAW_STRUCTURE_CONFLICT|EPISODE_SLOPE_CONFLICT|EPISODE_TREND_CONFLICT|FRESH_OPPOSITE_EVIDENCE|PERSISTENT_OPPOSITE_EVIDENCE,P2,True,
2026-08-03,BAJFINANCE,120,120,0,0,86,34,0,0,4,0,4,0,0,0,0,0,0,0,8,47,2,EPISODE_RAW_STRUCTURE_CONFLICT|EPISODE_SLOPE_CONFLICT|EPISODE_TREND_CONFLICT|FRESH_OPPOSITE_EVIDENCE,P3,False,
2026-08-03,BANKBARODA,120,120,0,0,75,45,0,0,6,0,5,1,1,0,0,0,0,0,8,56,2,EPISODE_RAW_STRUCTURE_CONFLICT|EPISODE_SLOPE_CONFLICT|EPISODE_TREND_CONFLICT|FRESH_OPPOSITE_EVIDENCE,P3,False,
2026-08-03,BDL,120,120,0,0,85,32,3,0,9,2,2,9,7,2,0,1,0,0,5,39,4,DIRECTIONAL_START_CONFLICT|EPISODE_RAW_STRUCTURE_CONFLICT|EPISODE_SLOPE_CONFLICT|EPISODE_TREND_CONFLICT|FRESH_OPPOSITE_EVIDENCE|PERSISTENT_OPPOSITE_EVIDENCE,P2,True,
2026-08-03,BEL,120,120,0,0,82,35,3,0,6,3,3,6,4,2,0,0,0,0,4,31,3,EPISODE_RAW_STRUCTURE_CONFLICT|EPISODE_SLOPE_CONFLICT|EPISODE_TREND_CONFLICT|FRESH_OPPOSITE_EVIDENCE|PERSISTENT_OPPOSITE_EVIDENCE,P2,True,
2026-08-03,BHARATFORG,120,120,0,0,99,21,0,0,1,0,1,0,0,0,0,0,0,0,3,26,2,EPISODE_RAW_STRUCTURE_CONFLICT|EPISODE_SLOPE_CONFLICT|EPISODE_TREND_CONFLICT|FRESH_OPPOSITE_EVIDENCE,P3,False,
2026-08-03,BHEL,120,120,0,0,93,24,3,0,4,2,3,3,2,1,0,0,0,0,7,36,4,EPISODE_RAW_STRUCTURE_CONFLICT|EPISODE_SLOPE_CONFLICT|EPISODE_TREND_CONFLICT|FRESH_OPPOSITE_EVIDENCE|PERSISTENT_OPPOSITE_EVIDENCE,P2,True,
2026-08-03,BIOCON,120,120,0,0,58,58,4,0,11,2,6,7,5,2,0,0,1,0,7,49,5,DIRECTIONAL_MATURITY_CONFLICT|EPISODE_RAW_STRUCTURE_CONFLICT|EPISODE_SLOPE_CONFLICT|EPISODE_TREND_CONFLICT|FRESH_OPPOSITE_EVIDENCE|PERSISTENT_OPPOSITE_EVIDENCE,P2,True,
2026-08-03,BLUESTARCO,120,120,0,0,65,49,6,0,11,3,6,8,6,2,0,0,1,0,9,52,5,DIRECTIONAL_MATURITY_CONFLICT|EPISODE_RAW_STRUCTURE_CONFLICT|EPISODE_SLOPE_CONFLICT|EPISODE_TREND_CONFLICT|FRESH_OPPOSITE_EVIDENCE|PERSISTENT_OPPOSITE_EVIDENCE,P2,True,
2026-08-03,BPCL,120,120,0,0,69,50,1,0,11,1,4,8,7,1,0,1,0,0,9,49,3,DIRECTIONAL_START_CONFLICT|EPISODE_RAW_STRUCTURE_CONFLICT|EPISODE_SLOPE_CONFLICT|EPISODE_TREND_CONFLICT|FRESH_OPPOSITE_EVIDENCE|PERSISTENT_OPPOSITE_EVIDENCE,P2,True,
2026-08-03,BSE,120,120,0,0,96,22,2,0,3,1,2,2,2,0,0,1,1,0,4,30,4,DIRECTIONAL_MATURITY_CONFLICT|DIRECTIONAL_START_CONFLICT|EPISODE_RAW_STRUCTURE_CONFLICT|EPISODE_SLOPE_CONFLICT|EPISODE_TREND_CONFLICT|FRESH_OPPOSITE_EVIDENCE|PERSISTENT_OPPOSITE_EVIDENCE,P2,True,
2026-08-03,CGPOWER,120,120,0,0,84,27,9,0,4,2,3,3,2,1,0,0,1,0,6,48,7,DIRECTIONAL_MATURITY_CONFLICT|EPISODE_RAW_STRUCTURE_CONFLICT|EPISODE_SLOPE_CONFLICT|EPISODE_TREND_CONFLICT|FRESH_OPPOSITE_EVIDENCE|PERSISTENT_OPPOSITE_EVIDENCE,P2,True,
2026-08-03,CHOLAFIN,120,120,0,0,98,22,0,0,3,0,2,1,1,0,0,0,0,0,4,24,2,EPISODE_RAW_STRUCTURE_CONFLICT|EPISODE_SLOPE_CONFLICT|EPISODE_TREND_CONFLICT|FRESH_OPPOSITE_EVIDENCE,P3,False,
2026-08-03,COFORGE,120,120,0,0,88,27,5,0,3,2,2,3,1,2,0,0,0,0,4,31,6,EPISODE_RAW_STRUCTURE_CONFLICT|EPISODE_SLOPE_CONFLICT|EPISODE_TREND_CONFLICT|FRESH_OPPOSITE_EVIDENCE|PERSISTENT_OPPOSITE_EVIDENCE,P2,True,
2026-08-03,CROMPTON,120,120,0,0,55,60,5,0,11,5,3,13,9,4,0,0,2,0,3,42,3,DIRECTIONAL_MATURITY_CONFLICT|EPISODE_RAW_STRUCTURE_CONFLICT|EPISODE_SLOPE_CONFLICT|EPISODE_TREND_CONFLICT|FRESH_OPPOSITE_EVIDENCE|PERSISTENT_OPPOSITE_EVIDENCE,P2,True,
2026-08-03,DELHIVERY,120,120,0,0,89,28,3,0,4,1,3,2,2,0,0,0,0,0,8,52,5,EPISODE_RAW_STRUCTURE_CONFLICT|EPISODE_SLOPE_CONFLICT|EPISODE_TREND_CONFLICT|FRESH_OPPOSITE_EVIDENCE|PERSISTENT_OPPOSITE_EVIDENCE,P3,False,
2026-08-03,DIVISLAB,120,120,0,0,70,48,2,0,9,1,4,6,5,1,0,0,1,0,8,58,4,DIRECTIONAL_MATURITY_CONFLICT|EPISODE_RAW_STRUCTURE_CONFLICT|EPISODE_SLOPE_CONFLICT|EPISODE_TREND_CONFLICT|FRESH_OPPOSITE_EVIDENCE|PERSISTENT_OPPOSITE_EVIDENCE,P2,True,
2026-08-03,DLF,120,120,0,0,82,36,2,0,8,2,5,5,3,2,0,0,0,0,6,34,3,EPISODE_RAW_STRUCTURE_CONFLICT|EPISODE_SLOPE_CONFLICT|EPISODE_TREND_CONFLICT|FRESH_OPPOSITE_EVIDENCE|PERSISTENT_OPPOSITE_EVIDENCE,P2,True,
2026-08-03,DMART,120,120,0,0,67,50,3,0,10,1,5,6,6,0,0,3,0,0,12,64,5,DIRECTIONAL_START_CONFLICT|EPISODE_RAW_STRUCTURE_CONFLICT|EPISODE_SLOPE_CONFLICT|EPISODE_TREND_CONFLICT|FRESH_OPPOSITE_EVIDENCE|PERSISTENT_OPPOSITE_EVIDENCE,P2,True,
2026-08-03,DRREDDY,120,120,0,0,54,60,6,0,8,3,2,9,7,2,0,0,1,0,2,25,5,DIRECTIONAL_MATURITY_CONFLICT|EPISODE_RAW_STRUCTURE_CONFLICT|EPISODE_SLOPE_CONFLICT|EPISODE_TREND_CONFLICT|FRESH_OPPOSITE_EVIDENCE|PERSISTENT_OPPOSITE_EVIDENCE,P2,True,
2026-08-03,ETERNAL,120,120,0,0,99,19,2,0,1,1,2,0,0,0,0,0,0,0,4,29,4,EPISODE_RAW_STRUCTURE_CONFLICT|EPISODE_SLOPE_CONFLICT|EPISODE_TREND_CONFLICT|FRESH_OPPOSITE_EVIDENCE|PERSISTENT_OPPOSITE_EVIDENCE,P3,False,
2026-08-03,FORCEMOT,120,120,0,0,83,35,2,0,9,2,2,9,7,2,0,1,1,0,5,19,3,DIRECTIONAL_MATURITY_CONFLICT|DIRECTIONAL_START_CONFLICT|EPISODE_RAW_STRUCTURE_CONFLICT|EPISODE_SLOPE_CONFLICT|EPISODE_TREND_CONFLICT|FRESH_OPPOSITE_EVIDENCE|PERSISTENT_OPPOSITE_EVIDENCE,P2,True,
2026-08-03,GLENMARK,120,120,0,0,79,38,3,0,5,2,3,4,2,2,0,2,1,0,10,52,4,DIRECTIONAL_MATURITY_CONFLICT|DIRECTIONAL_START_CONFLICT|EPISODE_RAW_STRUCTURE_CONFLICT|EPISODE_SLOPE_CONFLICT|EPISODE_TREND_CONFLICT|FRESH_OPPOSITE_EVIDENCE|PERSISTENT_OPPOSITE_EVIDENCE,P2,True,
2026-08-03,GODFRYPHLP,120,120,0,0,84,35,1,0,8,1,3,6,5,1,0,0,1,0,6,28,3,DIRECTIONAL_MATURITY_CONFLICT|EPISODE_RAW_STRUCTURE_CONFLICT|EPISODE_SLOPE_CONFLICT|EPISODE_TREND_CONFLICT|FRESH_OPPOSITE_EVIDENCE|PERSISTENT_OPPOSITE_EVIDENCE,P2,True,
2026-08-03,GVT&D,120,120,0,0,64,53,3,0,5,1,2,4,3,1,0,0,1,0,5,34,5,DIRECTIONAL_MATURITY_CONFLICT|EPISODE_RAW_STRUCTURE_CONFLICT|EPISODE_SLOPE_CONFLICT|EPISODE_TREND_CONFLICT|FRESH_OPPOSITE_EVIDENCE|PERSISTENT_OPPOSITE_EVIDENCE,P2,True,
2026-08-03,HCLTECH,120,120,0,0,82,37,1,0,4,1,1,4,3,1,0,1,1,0,5,26,3,DIRECTIONAL_MATURITY_CONFLICT|DIRECTIONAL_START_CONFLICT|EPISODE_RAW_STRUCTURE_CONFLICT|EPISODE_SLOPE_CONFLICT|EPISODE_TREND_CONFLICT|FRESH_OPPOSITE_EVIDENCE|PERSISTENT_OPPOSITE_EVIDENCE,P2,True,
2026-08-03,HDFCAMC,120,120,0,0,103,17,0,0,3,0,2,1,1,0,0,0,0,0,4,20,2,EPISODE_RAW_STRUCTURE_CONFLICT|EPISODE_SLOPE_CONFLICT|EPISODE_TREND_CONFLICT|FRESH_OPPOSITE_EVIDENCE,P3,False,
2026-08-03,HINDALCO,120,120,0,0,85,33,2,0,3,2,1,4,2,2,0,0,0,0,3,25,3,EPISODE_RAW_STRUCTURE_CONFLICT|EPISODE_SLOPE_CONFLICT|EPISODE_TREND_CONFLICT|FRESH_OPPOSITE_EVIDENCE|PERSISTENT_OPPOSITE_EVIDENCE,P2,True,
2026-08-03,HINDPETRO,120,120,0,0,77,43,0,0,9,0,2,7,7,0,0,0,0,0,4,34,2,EPISODE_RAW_STRUCTURE_CONFLICT|EPISODE_SLOPE_CONFLICT|EPISODE_TREND_CONFLICT|FRESH_OPPOSITE_EVIDENCE,P3,False,
2026-08-03,HINDZINC,120,120,0,0,60,49,11,0,6,5,5,6,4,2,0,1,1,0,6,45,8,DIRECTIONAL_MATURITY_CONFLICT|DIRECTIONAL_START_CONFLICT|EPISODE_RAW_STRUCTURE_CONFLICT|EPISODE_SLOPE_CONFLICT|EPISODE_TREND_CONFLICT|FRESH_OPPOSITE_EVIDENCE|PERSISTENT_OPPOSITE_EVIDENCE,P2,True,
2026-08-03,HYUNDAI,120,120,0,0,56,58,6,0,10,4,4,10,6,4,0,0,2,0,2,40,4,DIRECTIONAL_MATURITY_CONFLICT|EPISODE_RAW_STRUCTURE_CONFLICT|EPISODE_SLOPE_CONFLICT|EPISODE_TREND_CONFLICT|FRESH_OPPOSITE_EVIDENCE|PERSISTENT_OPPOSITE_EVIDENCE,P2,True,
2026-08-03,ICICIBANK,120,120,0,0,53,66,1,0,18,1,5,14,13,1,0,1,0,0,8,59,3,DIRECTIONAL_START_CONFLICT|EPISODE_RAW_STRUCTURE_CONFLICT|EPISODE_SLOPE_CONFLICT|EPISODE_TREND_CONFLICT|FRESH_OPPOSITE_EVIDENCE|PERSISTENT_OPPOSITE_EVIDENCE,P2,True,
2026-08-03,ICICIGI,120,120,0,0,61,59,0,0,8,0,5,3,3,0,0,0,0,0,9,58,2,EPISODE_RAW_STRUCTURE_CONFLICT|EPISODE_SLOPE_CONFLICT|EPISODE_TREND_CONFLICT|FRESH_OPPOSITE_EVIDENCE,P3,False,
2026-08-03,ICICIPRULI,120,120,0,0,87,32,1,0,4,1,3,2,1,1,0,0,0,0,3,22,3,EPISODE_RAW_STRUCTURE_CONFLICT|EPISODE_SLOPE_CONFLICT|EPISODE_TREND_CONFLICT|FRESH_OPPOSITE_EVIDENCE|PERSISTENT_OPPOSITE_EVIDENCE,P2,True,
2026-08-03,INDIGO,120,120,0,0,65,46,9,0,7,3,3,7,5,2,0,0,1,0,6,57,8,DIRECTIONAL_MATURITY_CONFLICT|EPISODE_RAW_STRUCTURE_CONFLICT|EPISODE_SLOPE_CONFLICT|EPISODE_TREND_CONFLICT|FRESH_OPPOSITE_EVIDENCE|PERSISTENT_OPPOSITE_EVIDENCE,P2,True,
2026-08-03,INDUSINDBK,120,120,0,0,71,42,7,0,7,2,4,5,5,0,0,0,0,0,5,30,6,EPISODE_RAW_STRUCTURE_CONFLICT|EPISODE_SLOPE_CONFLICT|EPISODE_TREND_CONFLICT|FRESH_OPPOSITE_EVIDENCE|PERSISTENT_OPPOSITE_EVIDENCE,P3,False,
2026-08-03,INDUSTOWER,120,120,0,0,82,33,5,0,2,2,1,3,2,1,0,0,1,0,4,40,6,DIRECTIONAL_MATURITY_CONFLICT|EPISODE_RAW_STRUCTURE_CONFLICT|EPISODE_SLOPE_CONFLICT|EPISODE_TREND_CONFLICT|FRESH_OPPOSITE_EVIDENCE|PERSISTENT_OPPOSITE_EVIDENCE,P2,True,
2026-08-03,INFY,120,120,0,0,69,48,3,0,9,3,3,9,7,2,0,1,1,0,6,64,3,DIRECTIONAL_MATURITY_CONFLICT|DIRECTIONAL_START_CONFLICT|EPISODE_RAW_STRUCTURE_CONFLICT|EPISODE_SLOPE_CONFLICT|EPISODE_TREND_CONFLICT|FRESH_OPPOSITE_EVIDENCE|PERSISTENT_OPPOSITE_EVIDENCE,P2,True,
2026-08-03,JINDALSTEL,120,120,0,0,93,26,1,0,5,1,3,3,2,1,0,0,0,0,4,31,3,EPISODE_RAW_STRUCTURE_CONFLICT|EPISODE_SLOPE_CONFLICT|EPISODE_TREND_CONFLICT|FRESH_OPPOSITE_EVIDENCE|PERSISTENT_OPPOSITE_EVIDENCE,P2,True,
2026-08-03,JSWENERGY,120,120,0,0,67,53,0,0,8,0,4,4,4,0,0,0,0,0,10,61,2,EPISODE_RAW_STRUCTURE_CONFLICT|EPISODE_SLOPE_CONFLICT|EPISODE_TREND_CONFLICT|FRESH_OPPOSITE_EVIDENCE,P3,False,
2026-08-03,JUBLFOOD,120,120,0,0,93,27,0,0,5,0,3,2,2,0,0,0,1,0,6,37,2,DIRECTIONAL_MATURITY_CONFLICT|EPISODE_RAW_STRUCTURE_CONFLICT|EPISODE_SLOPE_CONFLICT|EPISODE_TREND_CONFLICT|FRESH_OPPOSITE_EVIDENCE,P2,True,
2026-08-03,KALYANKJIL,120,120,0,0,71,48,1,0,3,1,1,3,2,1,0,0,1,0,8,48,3,DIRECTIONAL_MATURITY_CONFLICT|EPISODE_RAW_STRUCTURE_CONFLICT|EPISODE_SLOPE_CONFLICT|EPISODE_TREND_CONFLICT|FRESH_OPPOSITE_EVIDENCE|PERSISTENT_OPPOSITE_EVIDENCE,P2,True,
2026-08-03,KOTAKBANK,120,120,0,0,93,23,4,0,2,1,2,1,1,0,0,0,0,0,3,33,6,EPISODE_RAW_STRUCTURE_CONFLICT|EPISODE_SLOPE_CONFLICT|EPISODE_TREND_CONFLICT|FRESH_OPPOSITE_EVIDENCE|PERSISTENT_OPPOSITE_EVIDENCE,P3,False,
2026-08-03,KPITTECH,120,120,0,0,85,35,0,0,9,0,5,4,4,0,0,0,1,0,8,55,2,DIRECTIONAL_MATURITY_CONFLICT|EPISODE_RAW_STRUCTURE_CONFLICT|EPISODE_SLOPE_CONFLICT|EPISODE_TREND_CONFLICT|FRESH_OPPOSITE_EVIDENCE,P2,True,
2026-08-03,LAURUSLABS,120,120,0,0,59,51,10,0,8,3,3,8,6,2,0,1,1,0,8,58,7,DIRECTIONAL_MATURITY_CONFLICT|DIRECTIONAL_START_CONFLICT|EPISODE_RAW_STRUCTURE_CONFLICT|EPISODE_SLOPE_CONFLICT|EPISODE_TREND_CONFLICT|FRESH_OPPOSITE_EVIDENCE|PERSISTENT_OPPOSITE_EVIDENCE,P2,True,
2026-08-03,LODHA,120,120,0,0,81,35,4,0,7,1,4,4,4,0,0,0,0,0,8,47,6,EPISODE_RAW_STRUCTURE_CONFLICT|EPISODE_SLOPE_CONFLICT|EPISODE_TREND_CONFLICT|FRESH_OPPOSITE_EVIDENCE|PERSISTENT_OPPOSITE_EVIDENCE,P3,False,
2026-08-03,LTF,120,120,0,0,62,55,3,0,11,2,2,11,10,1,0,0,0,0,3,17,4,EPISODE_RAW_STRUCTURE_CONFLICT|EPISODE_SLOPE_CONFLICT|EPISODE_TREND_CONFLICT|FRESH_OPPOSITE_EVIDENCE|PERSISTENT_OPPOSITE_EVIDENCE,P2,True,
2026-08-03,LTM,120,120,0,0,101,19,0,0,3,0,2,1,1,0,0,0,0,0,4,34,2,EPISODE_RAW_STRUCTURE_CONFLICT|EPISODE_SLOPE_CONFLICT|EPISODE_TREND_CONFLICT|FRESH_OPPOSITE_EVIDENCE,P3,False,
2026-08-03,M&M,120,120,0,0,73,46,1,0,10,1,4,7,6,1,0,1,1,0,6,47,3,DIRECTIONAL_MATURITY_CONFLICT|DIRECTIONAL_START_CONFLICT|EPISODE_RAW_STRUCTURE_CONFLICT|EPISODE_SLOPE_CONFLICT|EPISODE_TREND_CONFLICT|FRESH_OPPOSITE_EVIDENCE|PERSISTENT_OPPOSITE_EVIDENCE,P2,True,
2026-08-03,MANAPPURAM,120,120,0,0,93,27,0,0,2,0,2,0,0,0,0,0,0,0,4,31,1,EPISODE_RAW_STRUCTURE_CONFLICT|EPISODE_SLOPE_CONFLICT|EPISODE_TREND_CONFLICT|FRESH_OPPOSITE_EVIDENCE,P3,False,
2026-08-03,MANKIND,120,120,0,0,72,45,3,0,4,1,3,2,2,0,0,0,0,0,6,30,5,EPISODE_RAW_STRUCTURE_CONFLICT|EPISODE_SLOPE_CONFLICT|EPISODE_TREND_CONFLICT|FRESH_OPPOSITE_EVIDENCE|PERSISTENT_OPPOSITE_EVIDENCE,P3,False,
2026-08-03,MARUTI,120,120,0,0,74,42,4,0,6,2,2,6,4,2,0,1,1,0,5,47,5,DIRECTIONAL_MATURITY_CONFLICT|DIRECTIONAL_START_CONFLICT|EPISODE_RAW_STRUCTURE_CONFLICT|EPISODE_SLOPE_CONFLICT|EPISODE_TREND_CONFLICT|FRESH_OPPOSITE_EVIDENCE|PERSISTENT_OPPOSITE_EVIDENCE,P2,True,
2026-08-03,MAXHEALTH,120,120,0,0,98,17,5,0,3,3,2,4,3,1,0,1,0,0,2,17,4,DIRECTIONAL_START_CONFLICT|EPISODE_RAW_STRUCTURE_CONFLICT|EPISODE_SLOPE_CONFLICT|EPISODE_TREND_CONFLICT|FRESH_OPPOSITE_EVIDENCE|PERSISTENT_OPPOSITE_EVIDENCE,P2,True,
2026-08-03,MCX,120,120,0,0,83,28,9,0,2,2,2,2,1,1,0,2,2,0,8,64,9,DIRECTIONAL_MATURITY_CONFLICT|DIRECTIONAL_START_CONFLICT|EPISODE_RAW_STRUCTURE_CONFLICT|EPISODE_SLOPE_CONFLICT|EPISODE_TREND_CONFLICT|FRESH_OPPOSITE_EVIDENCE|PERSISTENT_OPPOSITE_EVIDENCE,P2,True,
2026-08-03,MFSL,120,120,0,0,75,41,4,0,7,2,3,6,4,2,0,3,2,0,11,52,5,DIRECTIONAL_MATURITY_CONFLICT|DIRECTIONAL_START_CONFLICT|EPISODE_RAW_STRUCTURE_CONFLICT|EPISODE_SLOPE_CONFLICT|EPISODE_TREND_CONFLICT|FRESH_OPPOSITE_EVIDENCE|PERSISTENT_OPPOSITE_EVIDENCE,P2,True,
2026-08-03,MOTILALOFS,120,120,0,0,79,40,1,0,9,1,2,8,7,1,0,1,0,0,5,26,3,DIRECTIONAL_START_CONFLICT|EPISODE_RAW_STRUCTURE_CONFLICT|EPISODE_SLOPE_CONFLICT|EPISODE_TREND_CONFLICT|FRESH_OPPOSITE_EVIDENCE|PERSISTENT_OPPOSITE_EVIDENCE,P2,True,
2026-08-03,MPHASIS,120,120,0,0,70,44,6,0,4,2,3,3,2,1,0,0,1,0,7,45,6,DIRECTIONAL_MATURITY_CONFLICT|EPISODE_RAW_STRUCTURE_CONFLICT|EPISODE_SLOPE_CONFLICT|EPISODE_TREND_CONFLICT|FRESH_OPPOSITE_EVIDENCE|PERSISTENT_OPPOSITE_EVIDENCE,P2,True,
2026-08-03,MUTHOOTFIN,120,120,0,0,79,40,1,0,5,1,4,2,2,0,0,0,0,0,7,52,3,EPISODE_RAW_STRUCTURE_CONFLICT|EPISODE_SLOPE_CONFLICT|EPISODE_TREND_CONFLICT|FRESH_OPPOSITE_EVIDENCE|PERSISTENT_OPPOSITE_EVIDENCE,P3,False,
2026-08-03,NAM-INDIA,120,120,0,0,110,10,0,0,3,0,0,3,3,0,0,0,0,0,1,10,2,EPISODE_RAW_STRUCTURE_CONFLICT|EPISODE_SLOPE_CONFLICT|EPISODE_TREND_CONFLICT|FRESH_OPPOSITE_EVIDENCE,P3,False,
2026-08-03,NATIONALUM,120,120,0,0,74,43,3,0,9,1,5,5,5,0,0,0,0,0,10,57,5,EPISODE_RAW_STRUCTURE_CONFLICT|EPISODE_SLOPE_CONFLICT|EPISODE_TREND_CONFLICT|FRESH_OPPOSITE_EVIDENCE|PERSISTENT_OPPOSITE_EVIDENCE,P3,False,
2026-08-03,NIFTY 50,125,125,0,0,86,35,4,0,7,3,3,7,5,2,0,0,0,0,5,33,4,EPISODE_RAW_STRUCTURE_CONFLICT|EPISODE_SLOPE_CONFLICT|EPISODE_TREND_CONFLICT|FRESH_OPPOSITE_EVIDENCE|PERSISTENT_OPPOSITE_EVIDENCE,P2,True,
2026-08-03,NIFTY BANK,125,125,0,0,71,52,2,0,8,2,1,9,7,2,0,1,0,0,7,45,3,DIRECTIONAL_START_CONFLICT|EPISODE_RAW_STRUCTURE_CONFLICT|EPISODE_SLOPE_CONFLICT|EPISODE_TREND_CONFLICT|FRESH_OPPOSITE_EVIDENCE|PERSISTENT_OPPOSITE_EVIDENCE,P2,True,
2026-08-03,OFSS,120,120,0,0,108,12,0,0,2,0,2,0,0,0,0,0,0,0,4,28,2,EPISODE_RAW_STRUCTURE_CONFLICT|EPISODE_SLOPE_CONFLICT|EPISODE_TREND_CONFLICT|FRESH_OPPOSITE_EVIDENCE,P3,False,
2026-08-03,ONGC,120,120,0,0,87,32,1,0,4,1,4,1,1,0,0,0,0,0,6,50,3,EPISODE_RAW_STRUCTURE_CONFLICT|EPISODE_SLOPE_CONFLICT|EPISODE_TREND_CONFLICT|FRESH_OPPOSITE_EVIDENCE|PERSISTENT_OPPOSITE_EVIDENCE,P3,False,
2026-08-03,PATANJALI,120,120,0,0,56,54,10,0,9,3,3,9,8,1,0,0,2,0,4,33,7,DIRECTIONAL_MATURITY_CONFLICT|EPISODE_RAW_STRUCTURE_CONFLICT|EPISODE_SLOPE_CONFLICT|EPISODE_TREND_CONFLICT|FRESH_OPPOSITE_EVIDENCE|PERSISTENT_OPPOSITE_EVIDENCE,P2,True,
2026-08-03,PAYTM,120,120,0,0,64,54,2,0,10,2,6,6,4,2,0,0,0,0,7,45,3,EPISODE_RAW_STRUCTURE_CONFLICT|EPISODE_SLOPE_CONFLICT|EPISODE_TREND_CONFLICT|FRESH_OPPOSITE_EVIDENCE|PERSISTENT_OPPOSITE_EVIDENCE,P2,True,
2026-08-03,PERSISTENT,120,120,0,0,104,16,0,0,2,0,1,1,1,0,0,0,0,0,2,23,1,EPISODE_RAW_STRUCTURE_CONFLICT|EPISODE_SLOPE_CONFLICT|EPISODE_TREND_CONFLICT|FRESH_OPPOSITE_EVIDENCE,P3,False,
2026-08-03,PNBHOUSING,120,120,0,0,103,17,0,0,3,0,3,0,0,0,0,0,0,0,4,29,2,EPISODE_RAW_STRUCTURE_CONFLICT|EPISODE_SLOPE_CONFLICT|EPISODE_TREND_CONFLICT|FRESH_OPPOSITE_EVIDENCE,P3,False,
2026-08-03,POLICYBZR,120,120,0,0,87,33,0,0,6,0,4,2,2,0,0,0,0,0,6,38,2,EPISODE_RAW_STRUCTURE_CONFLICT|EPISODE_SLOPE_CONFLICT|EPISODE_TREND_CONFLICT|FRESH_OPPOSITE_EVIDENCE,P3,False,
2026-08-03,POLYCAB,120,120,0,0,73,45,2,0,9,1,6,4,4,0,0,0,1,0,11,54,4,DIRECTIONAL_MATURITY_CONFLICT|EPISODE_RAW_STRUCTURE_CONFLICT|EPISODE_SLOPE_CONFLICT|EPISODE_TREND_CONFLICT|FRESH_OPPOSITE_EVIDENCE|PERSISTENT_OPPOSITE_EVIDENCE,P2,True,
2026-08-03,POWERINDIA,120,120,0,0,85,35,0,0,7,0,3,4,4,0,0,0,0,0,5,37,2,EPISODE_RAW_STRUCTURE_CONFLICT|EPISODE_SLOPE_CONFLICT|EPISODE_TREND_CONFLICT|FRESH_OPPOSITE_EVIDENCE,P3,False,
2026-08-03,PREMIERENE,120,120,0,0,64,51,5,0,10,3,4,9,7,2,0,0,1,0,6,45,4,DIRECTIONAL_MATURITY_CONFLICT|EPISODE_RAW_STRUCTURE_CONFLICT|EPISODE_SLOPE_CONFLICT|EPISODE_TREND_CONFLICT|FRESH_OPPOSITE_EVIDENCE|PERSISTENT_OPPOSITE_EVIDENCE,P2,True,
2026-08-03,PRESTIGE,120,120,0,0,114,6,0,0,1,0,1,0,0,0,0,0,0,0,2,24,1,EPISODE_RAW_STRUCTURE_CONFLICT|EPISODE_SLOPE_CONFLICT|EPISODE_TREND_CONFLICT|FRESH_OPPOSITE_EVIDENCE,P3,False,
2026-08-03,RADICO,120,120,0,0,93,27,0,0,5,0,3,2,2,0,0,0,0,0,6,26,2,EPISODE_RAW_STRUCTURE_CONFLICT|EPISODE_SLOPE_CONFLICT|EPISODE_TREND_CONFLICT|FRESH_OPPOSITE_EVIDENCE,P3,False,
2026-08-03,SHRIRAMFIN,120,120,0,0,88,32,0,0,4,0,4,0,0,0,0,0,0,0,6,41,2,EPISODE_RAW_STRUCTURE_CONFLICT|EPISODE_SLOPE_CONFLICT|EPISODE_TREND_CONFLICT|FRESH_OPPOSITE_EVIDENCE,P3,False,
2026-08-03,SIEMENS,120,120,0,0,103,15,2,0,2,1,1,2,1,1,0,0,0,0,2,30,4,EPISODE_RAW_STRUCTURE_CONFLICT|EPISODE_SLOPE_CONFLICT|EPISODE_TREND_CONFLICT|FRESH_OPPOSITE_EVIDENCE|PERSISTENT_OPPOSITE_EVIDENCE,P2,True,
2026-08-03,SOLARINDS,120,120,0,0,91,29,0,0,6,0,1,5,5,0,0,0,0,0,2,29,2,EPISODE_RAW_STRUCTURE_CONFLICT|EPISODE_SLOPE_CONFLICT|EPISODE_TREND_CONFLICT|FRESH_OPPOSITE_EVIDENCE,P3,False,
2026-08-03,SRF,120,120,0,0,104,16,0,0,2,0,1,1,1,0,0,0,0,0,3,21,2,EPISODE_RAW_STRUCTURE_CONFLICT|EPISODE_SLOPE_CONFLICT|EPISODE_TREND_CONFLICT|FRESH_OPPOSITE_EVIDENCE,P3,False,
2026-08-03,TATAELXSI,120,120,0,0,81,38,1,0,8,1,4,5,5,0,0,0,1,0,8,33,3,DIRECTIONAL_MATURITY_CONFLICT|EPISODE_RAW_STRUCTURE_CONFLICT|EPISODE_SLOPE_CONFLICT|EPISODE_TREND_CONFLICT|FRESH_OPPOSITE_EVIDENCE|PERSISTENT_OPPOSITE_EVIDENCE,P2,True,
2026-08-03,TCS,120,120,0,0,70,50,0,0,11,0,4,7,7,0,0,0,1,0,8,56,2,DIRECTIONAL_MATURITY_CONFLICT|EPISODE_RAW_STRUCTURE_CONFLICT|EPISODE_SLOPE_CONFLICT|EPISODE_TREND_CONFLICT|FRESH_OPPOSITE_EVIDENCE,P2,True,
2026-08-03,TECHM,120,120,0,0,120,0,0,0,0,0,0,0,0,0,0,0,0,0,0,7,0,,NONE,False,
2026-08-03,TIINDIA,120,120,0,0,75,43,2,0,5,1,5,1,1,0,0,0,1,0,9,58,4,DIRECTIONAL_MATURITY_CONFLICT|EPISODE_RAW_STRUCTURE_CONFLICT|EPISODE_SLOPE_CONFLICT|EPISODE_TREND_CONFLICT|FRESH_OPPOSITE_EVIDENCE|PERSISTENT_OPPOSITE_EVIDENCE,P2,True,
2026-08-03,TITAN,120,120,0,0,97,21,2,0,5,1,2,4,3,1,0,0,0,0,4,41,4,EPISODE_RAW_STRUCTURE_CONFLICT|EPISODE_SLOPE_CONFLICT|EPISODE_TREND_CONFLICT|FRESH_OPPOSITE_EVIDENCE|PERSISTENT_OPPOSITE_EVIDENCE,P2,True,
2026-08-03,TMPV,120,120,0,0,77,39,4,0,8,3,3,8,6,2,0,0,1,0,4,23,4,DIRECTIONAL_MATURITY_CONFLICT|EPISODE_RAW_STRUCTURE_CONFLICT|EPISODE_SLOPE_CONFLICT|EPISODE_TREND_CONFLICT|FRESH_OPPOSITE_EVIDENCE|PERSISTENT_OPPOSITE_EVIDENCE,P2,True,
2026-08-03,TORNTPHARM,120,120,0,0,90,30,0,0,3,0,2,1,1,0,0,0,0,0,6,47,2,EPISODE_RAW_STRUCTURE_CONFLICT|EPISODE_SLOPE_CONFLICT|EPISODE_TREND_CONFLICT|FRESH_OPPOSITE_EVIDENCE,P3,False,
2026-08-03,TRENT,120,120,0,0,93,27,0,0,5,0,3,2,2,0,0,0,0,0,6,41,2,EPISODE_RAW_STRUCTURE_CONFLICT|EPISODE_SLOPE_CONFLICT|EPISODE_TREND_CONFLICT|FRESH_OPPOSITE_EVIDENCE,P3,False,
2026-08-03,TVSMOTOR,120,120,0,0,80,40,0,0,7,0,4,3,3,0,0,0,1,0,7,43,2,DIRECTIONAL_MATURITY_CONFLICT|EPISODE_RAW_STRUCTURE_CONFLICT|EPISODE_SLOPE_CONFLICT|EPISODE_TREND_CONFLICT|FRESH_OPPOSITE_EVIDENCE,P2,True,
2026-08-03,UNOMINDA,120,120,0,0,86,33,1,0,5,1,3,3,3,0,0,0,0,0,4,32,3,EPISODE_RAW_STRUCTURE_CONFLICT|EPISODE_SLOPE_CONFLICT|EPISODE_TREND_CONFLICT|FRESH_OPPOSITE_EVIDENCE|PERSISTENT_OPPOSITE_EVIDENCE,P3,False,
2026-08-03,VEDL,120,120,0,0,87,29,4,0,2,3,1,4,2,2,0,0,0,0,4,25,4,EPISODE_RAW_STRUCTURE_CONFLICT|EPISODE_SLOPE_CONFLICT|EPISODE_TREND_CONFLICT|FRESH_OPPOSITE_EVIDENCE|PERSISTENT_OPPOSITE_EVIDENCE,P2,True,
2026-08-03,VOLTAS,120,120,0,0,92,28,0,0,5,0,2,3,3,0,0,0,0,0,4,21,2,EPISODE_RAW_STRUCTURE_CONFLICT|EPISODE_SLOPE_CONFLICT|EPISODE_TREND_CONFLICT|FRESH_OPPOSITE_EVIDENCE,P3,False,
