accepted_range_id,accepted_range_inside,active_episode_id,auction_state,chase_block_eligible,classification,continuation_unlocked,created_price,episode_initial_room_qualified,episode_maturity_qualified,episode_status,exhausted_side,exhaustion_active,gap_pct,large_gap,package_pnl,proposed_reversal_confirmed,qualified_episode_unresolved,range_locked,range_policy_exempt,reversal_failed,same_direction_chase,setup,side,signal_id,signal_last_pnl_pct,signal_last_pnl_value,signal_time,symbol,would_block
ORB:2026-07-27,True,,REVERSAL,False,UNCHANGED_BY_EXPERIMENT_POLICY,False,1450.8,False,False,NONE,UNKNOWN,False,0.4930213179640398,False,5631.9,False,False,False,False,False,False,REVERSAL,SELL,82e6014a-74bb-51ba-a790-0cbe4b68550f,0.517,7.5,2026-07-27 09:48:00,NESTLEIND,False
DYNAMIC:2026-07-27T09:24:00+05:30:2026-07-27T09:42:00+05:30,False,,BOUNDARY_INTERACTION,False,UNCHANGED_BY_EXPERIMENT_POLICY,False,1234.1,False,False,NONE,UNKNOWN,False,0.4963788754170322,False,,False,False,False,False,False,False,ACCEPTED_BREAKOUT,BUY,75a9d5d0-e9b7-5cca-b3c0-ed533fe279e7,-0.4538,-5.6,2026-07-27 09:51:00,AXISBANK,False
DYNAMIC:2026-07-27T09:27:00+05:30:2026-07-27T09:45:00+05:30,True,,FRESH_EXPANSION,False,UNCHANGED_BY_EXPERIMENT_POLICY,False,1037.5,False,False,NONE,UNKNOWN,False,1.431250616918358,True,-11367.0,False,False,False,False,False,False,BREAKOUT_INITIATION,SELL,8e138bf1-f406-515e-a893-a81a43187077,-0.8386,-8.7,2026-07-27 09:54:00,AUBANK,False
DYNAMIC:2026-07-27T09:18:00+05:30:2026-07-27T09:42:00+05:30,True,,REVERSAL,False,BLOCK_RANGE_LOCKED,False,1432.9,False,False,NONE,UNKNOWN,False,0.1392757660167131,False,105.7,False,False,True,False,False,False,REVERSAL,BUY,85ab76b9-54e0-5f27-bd67-24e6b62e5cbe,0.8444,12.1,2026-07-27 09:54:00,ICICIBANK,True
DYNAMIC:2026-07-27T09:21:00+05:30:2026-07-27T09:39:00+05:30,False,,REVERSAL,False,UNCHANGED_BY_EXPERIMENT_POLICY,False,873.25,False,False,NONE,UNKNOWN,False,0.25200458190149433,False,-6015.65,False,False,False,False,False,False,REVERSAL,BUY,12947416-6fae-51d7-8747-60d262b726b1,-0.6184,-5.4,2026-07-27 09:54:00,MOTILALOFS,False
ORB:2026-07-27,False,EXPERIMENT_V2_1:LODHA:5:2026-07-27T10:03:00:UP,ORDERLY_UPTREND,True,BLOCK_QUALIFIED_EXHAUSTION_CHASE,False,1190.6,True,True,WATCH,UP,True,1.049042748492001,True,-6435.9,False,True,False,False,False,True,REVERSAL,BUY,7c23d322-473c-5a90-b347-d305f5cdf919,0.6845,8.15,2026-07-27 10:06:00,LODHA,True
DYNAMIC:2026-07-27T09:27:00+05:30:2026-07-27T10:03:00+05:30,True,,ORDERLY_DOWNTREND,False,UNCHANGED_BY_EXPERIMENT_POLICY,False,580.75,False,False,NONE,UNKNOWN,False,0.611407109791248,False,9619.8,False,False,False,True,False,False,FAILED_BREAKOUT,SELL,3fa254fd-5cdf-5707-bb63-d5e7ce0b4692,2.5829,15.0,2026-07-27 10:12:00,KALYANKJIL,False
ORB:2026-07-27,True,,REVERSAL,False,UNCHANGED_BY_EXPERIMENT_POLICY,False,2756.1,False,False,NONE,UNKNOWN,False,0.4245196706312867,False,-2492.75,False,False,False,False,False,False,REVERSAL,BUY,fef27213-d8db-59a7-8db0-d100607456be,-0.1197,-3.3,2026-07-27 10:18:00,MCX,False
DYNAMIC:2026-07-27T09:18:00+05:30:2026-07-27T09:36:00+05:30,True,,REVERSAL,False,BLOCK_RANGE_LOCKED,False,31190.0,False,False,NONE,UNKNOWN,False,0.3852327447833066,False,7801.25,False,False,True,False,False,False,REVERSAL,BUY,9b01eda2-b42c-5f7c-82c2-51c51fa99ce6,1.2504,390.0,2026-07-27 10:18:00,POWERINDIA,True
DYNAMIC:2026-07-27T09:21:00+05:30:2026-07-27T09:39:00+05:30,True,,REVERSAL,False,BLOCK_RANGE_LOCKED,False,867.35,False,False,NONE,UNKNOWN,False,0.25200458190149433,False,308.6,False,False,True,False,False,False,REVERSAL,SELL,6ed1c6d9-34a8-503c-ad0c-be8ab0c384e9,0.0404,0.35,2026-07-27 10:27:00,MOTILALOFS,True
DYNAMIC:2026-07-27T09:33:00+05:30:2026-07-27T10:09:00+05:30,False,EXPERIMENT_V2_1:PNBHOUSING:8:2026-07-27T10:27:00:DOWN,ORDERLY_DOWNTREND,True,BLOCK_QUALIFIED_EXHAUSTION_CHASE,False,1054.6,True,True,WATCH,DOWN,False,0.8384361752237486,False,-10386.7,False,True,False,False,False,True,ACCEPTED_BREAKOUT,SELL,93e05769-d3bf-5b13-bb73-5684a5c9627f,-1.9154,-20.2,2026-07-27 10:33:00,PNBHOUSING,True
DYNAMIC:2026-07-27T09:21:00+05:30:2026-07-27T09:36:00+05:30,False,,ORDERLY_UPTREND,False,UNCHANGED_BY_EXPERIMENT_POLICY,False,3048.2,False,False,NONE,UNKNOWN,False,1.5085484411666108,True,-4613.35,False,False,False,False,False,False,ACCEPTED_BREAKOUT,BUY,2dfb0947-07db-5509-89e3-e072ca4420c7,-0.7611,-23.2,2026-07-27 10:42:00,MUTHOOTFIN,False
DYNAMIC:2026-07-27T09:27:00+05:30:2026-07-27T10:09:00+05:30,False,EXPERIMENT_V2_1:PERSISTENT:1:2026-07-27T09:33:00:UP,ORDERLY_DOWNTREND,True,UNCHANGED_BY_EXPERIMENT_POLICY,False,5246.1,True,True,REVERSAL_CONFIRMED,UP,False,1.0529355149181872,True,-7584.95,True,True,False,False,False,False,REVERSAL,SELL,584da7ab-66ca-56ca-8b70-2d0eb6d6d380,-0.671,-35.2,2026-07-27 10:45:00,PERSISTENT,False
DYNAMIC:2026-07-27T09:21:00+05:30:2026-07-27T10:09:00+05:30,False,,BOUNDARY_INTERACTION,False,UNCHANGED_BY_EXPERIMENT_POLICY,False,13627.0,False,False,NONE,UNKNOWN,False,1.2863409918953082,True,,False,False,False,False,False,False,BREAKOUT_INITIATION,BUY,6e682f0f-1cbb-5fdf-965c-a79969f034ea,0.7559,103.0,2026-07-27 10:48:00,MARUTI,False
DYNAMIC:2026-07-27T09:57:00+05:30:2026-07-27T10:18:00+05:30,False,EXPERIMENT_V2_1:ASIANPAINT:19:2026-07-27T10:30:00:UP,ORDERLY_UPTREND,True,BLOCK_QUALIFIED_EXHAUSTION_CHASE,False,2720.5,True,True,WATCH,UP,False,1.265391172570566,True,-5059.0,False,True,False,False,False,True,ACCEPTED_BREAKOUT,BUY,3d2ff68a-84a4-5e83-954f-4679e99be31f,-0.2389,-6.5,2026-07-27 10:54:00,ASIANPAINT,True
DYNAMIC:2026-07-27T09:18:00+05:30:2026-07-27T09:45:00+05:30,False,EXPERIMENT_V2_1:LAURUSLABS:2:2026-07-27T10:21:00:UP,REACCELERATION,True,BLOCK_QUALIFIED_EXHAUSTION_CHASE,False,1683.7,True,True,WATCH,UP,False,1.2437810945273633,True,17566.0,False,True,False,False,False,True,ACCEPTED_BREAKOUT,BUY,903ac87e-f48a-526d-98de-c5279d18c1d4,1.6214,27.3,2026-07-27 10:57:00,LAURUSLABS,True
DYNAMIC:2026-07-27T09:42:00+05:30:2026-07-27T09:57:00+05:30,False,EXPERIMENT_V2_1:ONGC:3:2026-07-27T10:45:00:DOWN,ORDERLY_DOWNTREND,True,BLOCK_QUALIFIED_EXHAUSTION_CHASE,False,241.89,True,True,WATCH,DOWN,False,-0.4176706827309205,False,-698.6,False,True,False,False,False,True,ACCEPTED_BREAKOUT,SELL,4743669f-4b2c-5415-b2d5-3e7ce92cd92e,-0.3679,-0.89,2026-07-27 11:00:00,ONGC,True
DYNAMIC:2026-07-27T09:36:00+05:30:2026-07-27T10:21:00+05:30,True,EXPERIMENT_V2_1:TCS:1:2026-07-27T09:36:00:UP,ORDERLY_DOWNTREND,True,BLOCK_RANGE_LOCKED,False,2299.0,True,True,REVERSAL_CONFIRMED,UP,False,1.3543516873889876,True,-5257.2,True,True,True,False,False,False,REVERSAL,SELL,5beb2972-ec4f-5da9-a9dd-d9a018a96e4a,-0.4828,-11.1,2026-07-27 11:03:00,TCS,True
DYNAMIC:2026-07-27T09:39:00+05:30:2026-07-27T10:09:00+05:30,False,EXPERIMENT_V2_1:AUBANK:7:2026-07-27T11:09:00:UP,ORDERLY_UPTREND,True,BLOCK_QUALIFIED_EXHAUSTION_CHASE,False,1045.5,True,True,WATCH,UP,True,1.431250616918358,True,9462.4,False,True,False,False,False,True,REVERSAL,BUY,546934d8-59d6-5e33-a71d-a46b9176f94a,0.8991,9.4,2026-07-27 11:15:00,AUBANK,True
DYNAMIC:2026-07-27T10:33:00+05:30:2026-07-27T10:54:00+05:30,True,,ORDERLY_DOWNTREND,False,BLOCK_RANGE_LOCKED,False,462.85,False,False,NONE,UNKNOWN,False,0.7996542035876353,False,-10494.75,False,False,True,False,False,False,ACCEPTED_BREAKOUT,SELL,6715a868-a0ce-5b33-a7ae-e10bd6b29856,-1.5232,-7.05,2026-07-27 11:15:00,DELHIVERY,True
DYNAMIC:2026-07-27T10:42:00+05:30:2026-07-27T11:03:00+05:30,False,,TREND_FAILURE,False,UNCHANGED_BY_EXPERIMENT_POLICY,False,2336.1,False,False,NONE,UNKNOWN,False,1.9938650306748467,True,3927.95,False,False,False,False,False,False,ACCEPTED_BREAKOUT,BUY,1db2792a-ee97-5ad2-a867-02c69bda260b,-0.3895,-9.1,2026-07-27 11:15:00,MPHASIS,False
DYNAMIC:2026-07-27T09:36:00+05:30:2026-07-27T10:09:00+05:30,False,EXPERIMENT_V2_1:BPCL:1:2026-07-27T09:45:00:DOWN,ORDERLY_UPTREND,True,UNCHANGED_BY_EXPERIMENT_POLICY,False,316.15,True,True,REVERSAL_CONFIRMED,DOWN,True,1.4516129032258065,True,2276.85,True,True,False,False,False,False,REVERSAL,BUY,a45a8f7f-e5e6-5da3-9ba5-19dca2de1500,0.2689,0.85,2026-07-27 11:21:00,BPCL,False
DYNAMIC:2026-07-27T09:27:00+05:30:2026-07-27T10:09:00+05:30,True,EXPERIMENT_V2_1:PERSISTENT:1:2026-07-27T09:33:00:UP,ORDERLY_UPTREND,True,BLOCK_RANGE_LOCKED,False,5292.8,True,True,REVERSAL_CONFIRMED,UP,True,1.0529355149181872,True,-3454.9,True,True,True,False,False,True,REVERSAL,BUY,f58bbe93-72f6-56e9-84aa-d860c03197d8,-0.6839,-36.2,2026-07-27 11:24:00,PERSISTENT,True
DYNAMIC:2026-07-27T09:33:00+05:30:2026-07-27T10:09:00+05:30,False,EXPERIMENT_V2_1:PNBHOUSING:8:2026-07-27T10:27:00:DOWN,ORDERLY_UPTREND,True,UNCHANGED_BY_EXPERIMENT_POLICY,False,1074.5,True,True,REVERSAL_CONFIRMED,DOWN,True,0.8384361752237486,False,3258.4,True,True,False,False,False,False,REVERSAL,BUY,f4e9f162-6ce9-50c4-b006-6b2dab6a00ce,-0.4188,-4.5,2026-07-27 11:36:00,PNBHOUSING,False
DYNAMIC:2026-07-27T10:33:00+05:30:2026-07-27T11:18:00+05:30,False,EXPERIMENT_V2_1:ONGC:3:2026-07-27T10:45:00:DOWN,ORDERLY_UPTREND,True,UNCHANGED_BY_EXPERIMENT_POLICY,False,242.66,True,True,REVERSAL_CONFIRMED,DOWN,True,-0.4176706827309205,False,-1601.8,True,True,False,False,False,False,REVERSAL,BUY,381ebda9-6432-51fc-b370-714e259ef960,-1.7597,-4.27,2026-07-27 11:39:00,ONGC,False
DYNAMIC:2026-07-27T10:45:00+05:30:2026-07-27T11:09:00+05:30,True,,ORDERLY_UPTREND,False,BLOCK_RANGE_LOCKED,False,2304.9,False,False,NONE,UP,True,1.3543516873889876,True,-2143.2,False,False,True,False,False,False,REVERSAL,BUY,8d360e06-178b-5fe6-aed0-bb9b7420c596,-0.3905,-9.0,2026-07-27 11:51:00,TCS,True
DYNAMIC:2026-07-27T11:09:00+05:30:2026-07-27T11:39:00+05:30,False,,ORDERLY_DOWNTREND,False,UNCHANGED_BY_EXPERIMENT_POLICY,False,414.5,False,False,NONE,UNKNOWN,False,0.8523409363745525,False,-524.4,False,False,False,False,False,False,ACCEPTED_BREAKOUT,SELL,8d8ae94a-4c03-55bf-9edc-dbfb39a565fd,-0.1206,-0.5,2026-07-27 12:00:00,BHEL,False
DYNAMIC:2026-07-27T09:39:00+05:30:2026-07-27T09:57:00+05:30,False,,ORDERLY_UPTREND,False,UNCHANGED_BY_EXPERIMENT_POLICY,False,312.5,False,False,NONE,UNKNOWN,False,1.0743801652892562,True,-3604.8,False,False,False,False,False,False,ACCEPTED_BREAKOUT,BUY,68ef596e-c46c-53fe-88da-b802b59b5479,-0.4,-1.25,2026-07-27 12:06:00,LTF,False
DYNAMIC:2026-07-27T09:21:00+05:30:2026-07-27T10:06:00+05:30,False,EXPERIMENT_V2_1:SHRIRAMFIN:2:2026-07-27T12:03:00:UP,ORDERLY_UPTREND,True,BLOCK_QUALIFIED_EXHAUSTION_CHASE,False,1029.7,True,True,REVERSAL_CONFIRMED,UP,False,1.779324055666002,True,7189.5,True,True,False,False,False,True,ACCEPTED_BREAKOUT,BUY,0791f2dd-1c11-5485-96db-d9b9ea00cdce,0.9323,9.6,2026-07-27 12:15:00,SHRIRAMFIN,True
DYNAMIC:2026-07-27T11:21:00+05:30:2026-07-27T11:57:00+05:30,True,EXPERIMENT_V2_1:MAXHEALTH:2:2026-07-27T11:36:00:UP,ORDERLY_UPTREND,True,BLOCK_QUALIFIED_EXHAUSTION_CHASE,False,1107.5,True,True,REVERSAL_CONFIRMED,UP,True,0.6575291720689144,False,-3944.7,True,True,True,True,False,True,FAILED_BREAKOUT,BUY,e721819e-22c1-531a-8f1e-42cbd4dc04c3,-0.7223,-8.0,2026-07-27 12:18:00,MAXHEALTH,True
DYNAMIC:2026-07-27T11:00:00+05:30:2026-07-27T11:27:00+05:30,False,,REVERSAL,False,UNCHANGED_BY_EXPERIMENT_POLICY,False,5250.0,False,False,NONE,DOWN,True,1.0529355149181872,True,-3418.45,False,False,False,False,False,False,REVERSAL,SELL,99f67014-ea38-5788-b3f9-2f13300da3f0,-0.5714,-30.0,2026-07-27 12:18:00,PERSISTENT,False
DYNAMIC:2026-07-27T11:51:00+05:30:2026-07-27T12:15:00+05:30,False,,FRESH_EXPANSION,False,UNCHANGED_BY_EXPERIMENT_POLICY,False,17386.0,False,False,NONE,UNKNOWN,False,1.3341660043147496,True,-2834.75,False,False,False,False,False,False,BREAKOUT_INITIATION,SELL,1a5ef184-513e-5211-8465-f0d663dbfbc2,0.6212,108.0,2026-07-27 12:36:00,FORCEMOT,False
DYNAMIC:2026-07-27T10:00:00+05:30:2026-07-27T10:30:00+05:30,False,,ORDERLY_DOWNTREND,False,UNCHANGED_BY_EXPERIMENT_POLICY,False,2545.0,False,False,NONE,UNKNOWN,False,1.0042641374088317,True,-1110.8,False,False,False,False,False,False,REVERSAL,SELL,44338de2-36f6-5314-b0e1-fc09c4a5cb56,-0.1572,-4.0,2026-07-27 12:45:00,HDFCAMC,False
DYNAMIC:2026-07-27T11:00:00+05:30:2026-07-27T11:54:00+05:30,False,,ORDERLY_DOWNTREND,False,UNCHANGED_BY_EXPERIMENT_POLICY,False,3807.5,False,False,NONE,UNKNOWN,False,0.9024461039132456,False,-4357.8,False,False,False,False,False,False,ACCEPTED_BREAKOUT,SELL,171931af-c037-5eab-bfcc-791c8425e49d,-0.3546,-13.5,2026-07-27 12:45:00,LT,False
DYNAMIC:2026-07-27T12:24:00+05:30:2026-07-27T12:42:00+05:30,False,EXPERIMENT_V2_1:ULTRACEMCO:20:2026-07-27T11:57:00:DOWN,BOUNDARY_INTERACTION,True,BLOCK_QUALIFIED_EXHAUSTION_CHASE,False,11790.0,True,True,REVERSAL_CONFIRMED,DOWN,False,0.8361486486486486,False,,True,True,False,False,False,True,BREAKOUT_INITIATION,SELL,ef3713b2-8cd4-594d-9060-6476ede2dd01,-0.246,-29.0,2026-07-27 12:48:00,ULTRACEMCO,True
DYNAMIC:2026-07-27T11:48:00+05:30:2026-07-27T12:15:00+05:30,False,,ORDERLY_DOWNTREND,False,UNCHANGED_BY_EXPERIMENT_POLICY,False,11043.0,False,False,NONE,UNKNOWN,False,1.3195098963242224,True,-1773.0,False,False,False,False,False,False,REVERSAL,SELL,6265553b-bf68-587e-ad12-3113a2180fc2,-0.4981,-55.0,2026-07-27 12:57:00,OFSS,False
DYNAMIC:2026-07-27T11:54:00+05:30:2026-07-27T12:51:00+05:30,True,,ORDERLY_UPTREND,False,UNCHANGED_BY_EXPERIMENT_POLICY,False,5279.6,False,False,NONE,UP,True,1.0529355149181872,True,-513.2,False,False,False,False,False,False,REVERSAL,BUY,ab4d97e1-0e2d-5188-86c2-a387f2ed247f,-0.3542,-18.7,2026-07-27 12:57:00,PERSISTENT,False
DYNAMIC:2026-07-27T12:03:00+05:30:2026-07-27T12:54:00+05:30,True,,ORDERLY_DOWNTREND,False,UNCHANGED_BY_EXPERIMENT_POLICY,False,1634.9,False,False,NONE,UNKNOWN,False,0.5,False,-4773.1,False,False,False,False,False,False,REVERSAL,SELL,4032b1df-aa03-50d4-865a-b09526029533,-0.7095,-11.6,2026-07-27 12:57:00,PRESTIGE,False
DYNAMIC:2026-07-27T11:00:00+05:30:2026-07-27T11:48:00+05:30,False,,CONTROLLED_PULLBACK,False,UNCHANGED_BY_EXPERIMENT_POLICY,False,2195.2,False,False,NONE,UNKNOWN,False,-0.03612553623843675,False,-2910.95,False,False,False,False,False,False,ACCEPTED_BREAKOUT,SELL,55a3cb91-afcb-5516-bf98-4b928e5d0a7a,-0.1731,-3.8,2026-07-27 13:06:00,GLENMARK,False
DYNAMIC:2026-07-27T12:00:00+05:30:2026-07-27T12:27:00+05:30,False,,ORDERLY_UPTREND,False,UNCHANGED_BY_EXPERIMENT_POLICY,False,1066.3,False,False,NONE,UNKNOWN,False,1.5288461538461626,True,-502.6,False,False,False,False,False,False,ACCEPTED_BREAKOUT,BUY,2b8d1977-279a-56f6-85d8-c57463605000,-0.4314,-4.6,2026-07-27 13:06:00,JINDALSTEL,False
DYNAMIC:2026-07-27T12:00:00+05:30:2026-07-27T12:51:00+05:30,True,EXPERIMENT_V2_1:ULTRACEMCO:20:2026-07-27T11:57:00:DOWN,REVERSAL,True,BLOCK_RANGE_LOCKED,False,11820.0,True,True,REVERSAL_CONFIRMED,DOWN,False,0.8361486486486486,False,2324.5,True,True,True,False,False,False,REVERSAL,BUY,fed276b6-c9dd-5d13-8136-bd240980142a,0.4399,52.0,2026-07-27 13:15:00,ULTRACEMCO,True
DYNAMIC:2026-07-27T11:33:00+05:30:2026-07-27T12:24:00+05:30,False,,ORDERLY_DOWNTREND,False,UNCHANGED_BY_EXPERIMENT_POLICY,False,304.75,False,False,NONE,UNKNOWN,False,0.6820396232543108,False,-1001.6,False,False,False,False,False,False,ACCEPTED_BREAKOUT,SELL,6855e4c0-4470-57df-ae98-8bd19d2b60ad,-0.082,-0.25,2026-07-27 13:18:00,ANGELONE,False
DYNAMIC:2026-07-27T10:00:00+05:30:2026-07-27T10:30:00+05:30,False,,REVERSAL,False,UNCHANGED_BY_EXPERIMENT_POLICY,False,2545.0,False,False,NONE,UNKNOWN,False,1.0042641374088317,True,-2086.9,False,False,False,False,False,False,REVERSAL,BUY,e9f19f74-aa01-5b0b-b55e-561b5c52498d,0.3143,8.0,2026-07-27 13:18:00,HDFCAMC,False
DYNAMIC:2026-07-27T11:39:00+05:30:2026-07-27T12:15:00+05:30,False,,ORDERLY_UPTREND,False,UNCHANGED_BY_EXPERIMENT_POLICY,False,5114.2,False,False,NONE,UNKNOWN,False,0.7784431137724551,False,-4247.6,False,False,False,False,False,False,ACCEPTED_BREAKOUT,BUY,431fe3e7-e8c0-5470-8b03-178a2ac0c52c,-0.0626,-3.2,2026-07-27 13:21:00,HEROMOTOCO,False
DYNAMIC:2026-07-27T12:42:00+05:30:2026-07-27T13:00:00+05:30,False,,REVERSAL,False,UNCHANGED_BY_EXPERIMENT_POLICY,False,3820.8,False,False,NONE,UNKNOWN,False,0.9024461039132456,False,-2052.5,False,False,False,False,False,False,REVERSAL,BUY,06f1550b-f5e3-56c4-b3d6-03bde0007c51,-0.3612,-13.8,2026-07-27 13:21:00,LT,False
DYNAMIC:2026-07-27T12:03:00+05:30:2026-07-27T12:45:00+05:30,False,EXPERIMENT_V2_1:EICHERMOT:15:2026-07-27T11:45:00:UP,ORDERLY_DOWNTREND,True,UNCHANGED_BY_EXPERIMENT_POLICY,False,7782.5,True,True,REVERSAL_CONFIRMED,UP,True,0.6145397489539749,False,-1988.5,True,True,False,False,False,False,REVERSAL,SELL,088d7871-8419-59e2-9c59-2b065df33abd,0.045,3.5,2026-07-27 13:36:00,EICHERMOT,False
DYNAMIC:2026-07-27T12:30:00+05:30:2026-07-27T12:45:00+05:30,False,,ORDERLY_DOWNTREND,False,UNCHANGED_BY_EXPERIMENT_POLICY,False,1098.7,False,False,NONE,DOWN,True,0.6575291720689144,False,-3993.6,False,False,False,False,False,False,REVERSAL,SELL,42f5ef14-0a09-5003-8ead-96ee5c1855ab,-1.6929,-18.6,2026-07-27 13:39:00,MAXHEALTH,False
DYNAMIC:2026-07-27T12:48:00+05:30:2026-07-27T13:09:00+05:30,False,EXPERIMENT_V2_1:PNBHOUSING:9:2026-07-27T12:42:00:UP,ORDERLY_DOWNTREND,True,UNCHANGED_BY_EXPERIMENT_POLICY,False,1070.2,True,True,REVERSAL_CONFIRMED,UP,False,0.8384361752237486,False,-4986.9,True,True,False,False,False,False,REVERSAL,SELL,2535fbba-05ad-5fce-8e25-82c4efa5dd4f,-0.6821,-7.3,2026-07-27 13:39:00,PNBHOUSING,False
DYNAMIC:2026-07-27T12:27:00+05:30:2026-07-27T13:18:00+05:30,False,,ORDERLY_DOWNTREND,False,UNCHANGED_BY_EXPERIMENT_POLICY,False,1019.1,False,False,NONE,UNKNOWN,False,1.1765869092347219,True,-2704.0,False,False,False,False,False,False,ACCEPTED_BREAKOUT,SELL,a6ef70dc-ed27-549d-b9f8-dbd0c43346bd,-0.1472,-1.5,2026-07-27 13:39:00,SBIN,False
DYNAMIC:2026-07-27T11:45:00+05:30:2026-07-27T12:42:00+05:30,False,EXPERIMENT_V2_1:LTF:3:2026-07-27T12:21:00:UP,ORDERLY_DOWNTREND,True,UNCHANGED_BY_EXPERIMENT_POLICY,False,311.3,True,True,REVERSAL_CONFIRMED,UP,False,1.0743801652892562,True,-4618.9,True,True,False,False,False,False,REVERSAL,SELL,ddc8dab3-2592-5236-9694-30d243512274,-0.1767,-0.55,2026-07-27 13:42:00,LTF,False
DYNAMIC:2026-07-27T12:57:00+05:30:2026-07-27T13:21:00+05:30,True,,ORDERLY_DOWNTREND,False,BLOCK_RANGE_LOCKED,False,2934.6,False,False,NONE,DOWN,True,1.0315344940980902,True,-3476.25,False,False,True,False,False,False,REVERSAL,SELL,5f46c3d1-4bb1-5ccc-b386-2e9d8252627c,-0.1976,-5.8,2026-07-27 13:42:00,TRENT,True
DYNAMIC:2026-07-27T12:09:00+05:30:2026-07-27T12:30:00+05:30,False,EXPERIMENT_V2_1:M&M:18:2026-07-27T13:27:00:UP,ORDERLY_UPTREND,True,BLOCK_QUALIFIED_EXHAUSTION_CHASE,False,3226.7,True,True,REVERSAL_CONFIRMED,UP,False,0.7835703001579837,False,4702.8,True,True,False,False,False,True,ACCEPTED_BREAKOUT,BUY,f8d2caf0-ef81-538e-81a5-644f4ba4ac6a,0.4277,13.8,2026-07-27 13:45:00,M&M,True
DYNAMIC:2026-07-27T11:27:00+05:30:2026-07-27T11:57:00+05:30,True,EXPERIMENT_V2_1:BAJAJFINSV:6:2026-07-27T13:15:00:UP,ORDERLY_DOWNTREND,True,BLOCK_RANGE_LOCKED,False,1907.0,True,True,REVERSAL_CONFIRMED,UP,False,0.6648936170212766,False,-377.0,True,True,True,False,False,False,REVERSAL,SELL,e73b62ad-dbaf-575e-a1c1-e54c3cc55c8f,-0.6765,-12.9,2026-07-27 13:48:00,BAJAJFINSV,True
DYNAMIC:2026-07-27T10:51:00+05:30:2026-07-27T11:48:00+05:30,True,EXPERIMENT_V2_1:NESTLEIND:4:2026-07-27T12:00:00:DOWN,ORDERLY_UPTREND,True,BLOCK_RANGE_LOCKED,False,1444.0,True,True,REVERSAL_CONFIRMED,DOWN,False,0.4930213179640398,False,1225.4,True,True,True,False,False,False,REVERSAL,BUY,d16305bf-7cd6-50cc-906c-7b6c52d04ffc,0.277,4.0,2026-07-27 13:48:00,NESTLEIND,True
DYNAMIC:2026-07-27T11:54:00+05:30:2026-07-27T12:51:00+05:30,True,,REVERSAL,False,BLOCK_RANGE_LOCKED,False,5265.0,False,False,NONE,UNKNOWN,False,1.0529355149181872,True,-2688.55,False,False,True,False,False,False,REVERSAL,SELL,62af79fe-6203-504f-bc86-78013a14248c,-0.245,-12.9,2026-07-27 13:51:00,PERSISTENT,True
DYNAMIC:2026-07-27T12:00:00+05:30:2026-07-27T12:27:00+05:30,False,,ORDERLY_DOWNTREND,False,UNCHANGED_BY_EXPERIMENT_POLICY,False,1061.2,False,False,NONE,UNKNOWN,False,1.5288461538461626,True,-1875.0,False,False,False,False,False,False,REVERSAL,SELL,0c0c9f79-8f50-56f7-8f78-6d3267917fc5,-0.4523,-4.8,2026-07-27 13:57:00,JINDALSTEL,False
DYNAMIC:2026-07-27T12:36:00+05:30:2026-07-27T13:06:00+05:30,True,,REVERSAL,False,BLOCK_RANGE_LOCKED,False,1645.9,False,False,NONE,UNKNOWN,False,0.5558949297495364,False,-4443.45,False,False,True,False,False,False,REVERSAL,SELL,0b278aba-1228-5851-adfa-24229ecff1a4,0.4557,7.5,2026-07-27 14:03:00,BLUESTARCO,True
DYNAMIC:2026-07-27T13:45:00+05:30:2026-07-27T14:12:00+05:30,False,,ORDERLY_UPTREND,False,UNCHANGED_BY_EXPERIMENT_POLICY,False,1079.9,False,False,NONE,UNKNOWN,False,2.3387872954764153,True,-964.8,False,False,False,False,False,False,ACCEPTED_BREAKOUT,BUY,bec1ec81-fcc9-57cf-ac72-7ed95ec675d9,-0.1482,-1.6,2026-07-27 14:18:00,INFY,False
DYNAMIC:2026-07-27T12:48:00+05:30:2026-07-27T13:09:00+05:30,False,EXPERIMENT_V2_1:GVT&D:3:2026-07-27T12:21:00:UP,ORDERLY_DOWNTREND,True,UNCHANGED_BY_EXPERIMENT_POLICY,False,4248.3,True,True,REVERSAL_CONFIRMED,UP,False,0.2140309155766944,False,4735.35,True,True,False,False,False,False,REVERSAL,SELL,0e26688f-7410-5657-bfe0-8d9f39181926,0.7603,32.3,2026-07-27 14:21:00,GVT&D,False
DYNAMIC:2026-07-27T13:24:00+05:30:2026-07-27T14:21:00+05:30,False,,REVERSAL,False,UNCHANGED_BY_EXPERIMENT_POLICY,False,5280.0,False,False,NONE,UNKNOWN,False,1.0529355149181872,True,-4086.05,False,False,False,False,False,False,REVERSAL,BUY,7e928eaa-b35e-58ac-8b99-dca0db92828a,-0.0947,-5.0,2026-07-27 14:27:00,PERSISTENT,False
DYNAMIC:2026-07-27T10:24:00+05:30:2026-07-27T10:54:00+05:30,False,,ORDERLY_DOWNTREND,False,UNCHANGED_BY_EXPERIMENT_POLICY,False,328.05,False,False,NONE,DOWN,True,0.7708911501695961,False,-1117.2,False,False,False,False,False,False,REVERSAL,SELL,c9d4d87b-3c24-531b-9f1e-dd05cc9e2962,0.1219,0.4,2026-07-27 14:27:00,TMPV,False
DYNAMIC:2026-07-27T11:45:00+05:30:2026-07-27T12:42:00+05:30,True,,ORDERLY_UPTREND,False,BLOCK_RANGE_LOCKED,False,312.0,False,False,NONE,UP,True,1.0743801652892562,True,-1013.7,False,False,True,False,False,False,REVERSAL,BUY,a1c4eb52-ef3c-5c8f-9ce3-fa41ee18a756,0.2404,0.75,2026-07-27 14:30:00,LTF,True
DYNAMIC:2026-07-27T14:09:00+05:30:2026-07-27T14:27:00+05:30,False,,REACCELERATION,False,UNCHANGED_BY_EXPERIMENT_POLICY,False,426.95,False,False,NONE,DOWN,True,0.5975143403441683,False,-124.75,False,False,False,False,False,False,ACCEPTED_BREAKOUT,BUY,42060a1a-07a7-584c-9bc7-b286b8df53ad,0.2459,1.05,2026-07-27 14:39:00,JUBLFOOD,False
DYNAMIC:2026-07-27T13:12:00+05:30:2026-07-27T13:30:00+05:30,False,,ORDERLY_DOWNTREND,False,UNCHANGED_BY_EXPERIMENT_POLICY,False,1552.2,False,False,NONE,UNKNOWN,False,0.2669270833333274,False,-314.3,False,False,False,False,False,False,ACCEPTED_BREAKOUT,BUY,176dfb9f-6288-50e3-b538-39aab40cac3f,0.1095,1.7,2026-07-27 14:39:00,POLICYBZR,False
DYNAMIC:2026-07-27T10:54:00+05:30:2026-07-27T11:39:00+05:30,False,,ORDERLY_DOWNTREND,False,UNCHANGED_BY_EXPERIMENT_POLICY,False,608.1,False,False,NONE,UNKNOWN,False,0.016531658125313726,False,-2035.5,False,False,False,False,False,False,ACCEPTED_BREAKOUT,SELL,b034d98b-5dff-524b-b828-f8941ac1f185,0.0987,0.6,2026-07-27 14:48:00,UPL,False
DYNAMIC:2026-07-27T09:42:00+05:30:2026-07-27T10:12:00+05:30,True,EXPERIMENT_V2_1:COFORGE:2:2026-07-27T14:24:00:UP,REVERSAL,True,BLOCK_RANGE_LOCKED,False,1528.1,True,True,REVERSAL_CONFIRMED,UP,False,0.9353970390309617,False,2519.8,True,True,True,False,False,False,REVERSAL,SELL,7bb97d32-0d12-5360-ada3-3f6fc09a375e,-0.0589,-0.9,2026-07-27 14:54:00,COFORGE,True
DYNAMIC:2026-07-27T13:54:00+05:30:2026-07-27T14:24:00+05:30,True,,ORDERLY_DOWNTREND,False,BLOCK_RANGE_LOCKED,False,530.7,False,False,NONE,DOWN,True,0.9552350627458369,False,-242.2,False,False,True,False,False,False,REVERSAL,SELL,ace8db07-d992-58ee-ab36-f562f7ac56f3,0.3203,1.7,2026-07-27 14:54:00,HINDZINC,True
