error_type,message,snapshot_time,stage,symbol
ValueError,accepted_range_established_at is required for an accepted range,2026-07-27 09:15:00,SNAPSHOT_POLICY_EVALUATION,ABB
ValueError,accepted_range_established_at is required for an accepted range,2026-07-27 09:18:00,SNAPSHOT_POLICY_EVALUATION,ABB
ValueError,accepted_range_established_at is required for an accepted range,2026-07-27 09:21:00,SNAPSHOT_POLICY_EVALUATION,ABB
ValueError,accepted_range_established_at is required for an accepted range,2026-07-27 09:24:00,SNAPSHOT_POLICY_EVALUATION,ABB
ValueError,accepted_range_established_at is required for an accepted range,2026-07-27 09:15:00,SNAPSHOT_POLICY_EVALUATION,ANGELONE
ValueError,accepted_range_established_at is required for an accepted range,2026-07-27 09:18:00,SNAPSHOT_POLICY_EVALUATION,ANGELONE
ValueError,accepted_range_established_at is required for an accepted range,2026-07-27 09:21:00,SNAPSHOT_POLICY_EVALUATION,ANGELONE
ValueError,accepted_range_established_at is required for an accepted range,2026-07-27 09:24:00,SNAPSHOT_POLICY_EVALUATION,ANGELONE
ValueError,accepted_range_established_at is required for an accepted range,2026-07-27 09:15:00,SNAPSHOT_POLICY_EVALUATION,ASIANPAINT
ValueError,accepted_range_established_at is required for an accepted range,2026-07-27 09:18:00,SNAPSHOT_POLICY_EVALUATION,ASIANPAINT
ValueError,accepted_range_established_at is required for an accepted range,2026-07-27 09:21:00,SNAPSHOT_POLICY_EVALUATION,ASIANPAINT
ValueError,accepted_range_established_at is required for an accepted range,2026-07-27 09:24:00,SNAPSHOT_POLICY_EVALUATION,ASIANPAINT
ValueError,accepted_range_established_at is required for an accepted range,2026-07-27 09:15:00,SNAPSHOT_POLICY_EVALUATION,AUBANK
ValueError,accepted_range_established_at is required for an accepted range,2026-07-27 09:18:00,SNAPSHOT_POLICY_EVALUATION,AUBANK
ValueError,accepted_range_established_at is required for an accepted range,2026-07-27 09:21:00,SNAPSHOT_POLICY_EVALUATION,AUBANK
ValueError,accepted_range_established_at is required for an accepted range,2026-07-27 09:24:00,SNAPSHOT_POLICY_EVALUATION,AUBANK
ValueError,accepted_range_established_at is required for an accepted range,2026-07-27 09:15:00,SNAPSHOT_POLICY_EVALUATION,AXISBANK
ValueError,accepted_range_established_at is required for an accepted range,2026-07-27 09:18:00,SNAPSHOT_POLICY_EVALUATION,AXISBANK
ValueError,accepted_range_established_at is required for an accepted range,2026-07-27 09:21:00,SNAPSHOT_POLICY_EVALUATION,AXISBANK
ValueError,accepted_range_established_at is required for an accepted range,2026-07-27 09:24:00,SNAPSHOT_POLICY_EVALUATION,AXISBANK
ValueError,accepted_range_established_at is required for an accepted range,2026-07-27 09:15:00,SNAPSHOT_POLICY_EVALUATION,BAJAJFINSV
ValueError,accepted_range_established_at is required for an accepted range,2026-07-27 09:18:00,SNAPSHOT_POLICY_EVALUATION,BAJAJFINSV
ValueError,accepted_range_established_at is required for an accepted range,2026-07-27 09:21:00,SNAPSHOT_POLICY_EVALUATION,BAJAJFINSV
ValueError,accepted_range_established_at is required for an accepted range,2026-07-27 09:24:00,SNAPSHOT_POLICY_EVALUATION,BAJAJFINSV
ValueError,accepted_range_established_at is required for an accepted range,2026-07-27 09:15:00,SNAPSHOT_POLICY_EVALUATION,BAJFINANCE
ValueError,accepted_range_established_at is required for an accepted range,2026-07-27 09:18:00,SNAPSHOT_POLICY_EVALUATION,BAJFINANCE
ValueError,accepted_range_established_at is required for an accepted range,2026-07-27 09:21:00,SNAPSHOT_POLICY_EVALUATION,BAJFINANCE
ValueError,accepted_range_established_at is required for an accepted range,2026-07-27 09:24:00,SNAPSHOT_POLICY_EVALUATION,BAJFINANCE
ValueError,accepted_range_established_at is required for an accepted range,2026-07-27 09:15:00,SNAPSHOT_POLICY_EVALUATION,BANKBARODA
ValueError,accepted_range_established_at is required for an accepted range,2026-07-27 09:18:00,SNAPSHOT_POLICY_EVALUATION,BANKBARODA
ValueError,accepted_range_established_at is required for an accepted range,2026-07-27 09:21:00,SNAPSHOT_POLICY_EVALUATION,BANKBARODA
ValueError,accepted_range_established_at is required for an accepted range,2026-07-27 09:24:00,SNAPSHOT_POLICY_EVALUATION,BANKBARODA
ValueError,accepted_range_established_at is required for an accepted range,2026-07-27 09:15:00,SNAPSHOT_POLICY_EVALUATION,BHEL
ValueError,accepted_range_established_at is required for an accepted range,2026-07-27 09:18:00,SNAPSHOT_POLICY_EVALUATION,BHEL
ValueError,accepted_range_established_at is required for an accepted range,2026-07-27 09:21:00,SNAPSHOT_POLICY_EVALUATION,BHEL
ValueError,accepted_range_established_at is required for an accepted range,2026-07-27 09:24:00,SNAPSHOT_POLICY_EVALUATION,BHEL
ValueError,accepted_range_established_at is required for an accepted range,2026-07-27 09:15:00,SNAPSHOT_POLICY_EVALUATION,BLUESTARCO
ValueError,accepted_range_established_at is required for an accepted range,2026-07-27 09:18:00,SNAPSHOT_POLICY_EVALUATION,BLUESTARCO
ValueError,accepted_range_established_at is required for an accepted range,2026-07-27 09:21:00,SNAPSHOT_POLICY_EVALUATION,BLUESTARCO
ValueError,accepted_range_established_at is required for an accepted range,2026-07-27 09:24:00,SNAPSHOT_POLICY_EVALUATION,BLUESTARCO
ValueError,accepted_range_established_at is required for an accepted range,2026-07-27 09:15:00,SNAPSHOT_POLICY_EVALUATION,BPCL
ValueError,accepted_range_established_at is required for an accepted range,2026-07-27 09:18:00,SNAPSHOT_POLICY_EVALUATION,BPCL
ValueError,accepted_range_established_at is required for an accepted range,2026-07-27 09:21:00,SNAPSHOT_POLICY_EVALUATION,BPCL
ValueError,accepted_range_established_at is required for an accepted range,2026-07-27 09:24:00,SNAPSHOT_POLICY_EVALUATION,BPCL
ValueError,accepted_range_established_at is required for an accepted range,2026-07-27 09:15:00,SNAPSHOT_POLICY_EVALUATION,BSE
ValueError,accepted_range_established_at is required for an accepted range,2026-07-27 09:18:00,SNAPSHOT_POLICY_EVALUATION,BSE
ValueError,accepted_range_established_at is required for an accepted range,2026-07-27 09:21:00,SNAPSHOT_POLICY_EVALUATION,BSE
ValueError,accepted_range_established_at is required for an accepted range,2026-07-27 09:24:00,SNAPSHOT_POLICY_EVALUATION,BSE
ValueError,accepted_range_established_at is required for an accepted range,2026-07-27 09:15:00,SNAPSHOT_POLICY_EVALUATION,CDSL
ValueError,accepted_range_established_at is required for an accepted range,2026-07-27 09:18:00,SNAPSHOT_POLICY_EVALUATION,CDSL
ValueError,accepted_range_established_at is required for an accepted range,2026-07-27 09:21:00,SNAPSHOT_POLICY_EVALUATION,CDSL
ValueError,accepted_range_established_at is required for an accepted range,2026-07-27 09:24:00,SNAPSHOT_POLICY_EVALUATION,CDSL
ValueError,accepted_range_established_at is required for an accepted range,2026-07-27 09:15:00,SNAPSHOT_POLICY_EVALUATION,CGPOWER
ValueError,accepted_range_established_at is required for an accepted range,2026-07-27 09:18:00,SNAPSHOT_POLICY_EVALUATION,CGPOWER
ValueError,accepted_range_established_at is required for an accepted range,2026-07-27 09:21:00,SNAPSHOT_POLICY_EVALUATION,CGPOWER
ValueError,accepted_range_established_at is required for an accepted range,2026-07-27 09:24:00,SNAPSHOT_POLICY_EVALUATION,CGPOWER
ValueError,accepted_range_established_at is required for an accepted range,2026-07-27 09:15:00,SNAPSHOT_POLICY_EVALUATION,CHOLAFIN
ValueError,accepted_range_established_at is required for an accepted range,2026-07-27 09:18:00,SNAPSHOT_POLICY_EVALUATION,CHOLAFIN
ValueError,accepted_range_established_at is required for an accepted range,2026-07-27 09:21:00,SNAPSHOT_POLICY_EVALUATION,CHOLAFIN
ValueError,accepted_range_established_at is required for an accepted range,2026-07-27 09:24:00,SNAPSHOT_POLICY_EVALUATION,CHOLAFIN
ValueError,accepted_range_established_at is required for an accepted range,2026-07-27 09:15:00,SNAPSHOT_POLICY_EVALUATION,COFORGE
ValueError,accepted_range_established_at is required for an accepted range,2026-07-27 09:18:00,SNAPSHOT_POLICY_EVALUATION,COFORGE
ValueError,accepted_range_established_at is required for an accepted range,2026-07-27 09:21:00,SNAPSHOT_POLICY_EVALUATION,COFORGE
ValueError,accepted_range_established_at is required for an accepted range,2026-07-27 09:24:00,SNAPSHOT_POLICY_EVALUATION,COFORGE
ValueError,accepted_range_established_at is required for an accepted range,2026-07-27 09:15:00,SNAPSHOT_POLICY_EVALUATION,DELHIVERY
ValueError,accepted_range_established_at is required for an accepted range,2026-07-27 09:18:00,SNAPSHOT_POLICY_EVALUATION,DELHIVERY
ValueError,accepted_range_established_at is required for an accepted range,2026-07-27 09:21:00,SNAPSHOT_POLICY_EVALUATION,DELHIVERY
ValueError,accepted_range_established_at is required for an accepted range,2026-07-27 09:24:00,SNAPSHOT_POLICY_EVALUATION,DELHIVERY
ValueError,accepted_range_established_at is required for an accepted range,2026-07-27 09:15:00,SNAPSHOT_POLICY_EVALUATION,EICHERMOT
ValueError,accepted_range_established_at is required for an accepted range,2026-07-27 09:18:00,SNAPSHOT_POLICY_EVALUATION,EICHERMOT
ValueError,accepted_range_established_at is required for an accepted range,2026-07-27 09:21:00,SNAPSHOT_POLICY_EVALUATION,EICHERMOT
ValueError,accepted_range_established_at is required for an accepted range,2026-07-27 09:24:00,SNAPSHOT_POLICY_EVALUATION,EICHERMOT
ValueError,accepted_range_established_at is required for an accepted range,2026-07-27 09:15:00,SNAPSHOT_POLICY_EVALUATION,EXIDEIND
ValueError,accepted_range_established_at is required for an accepted range,2026-07-27 09:18:00,SNAPSHOT_POLICY_EVALUATION,EXIDEIND
ValueError,accepted_range_established_at is required for an accepted range,2026-07-27 09:21:00,SNAPSHOT_POLICY_EVALUATION,EXIDEIND
ValueError,accepted_range_established_at is required for an accepted range,2026-07-27 09:24:00,SNAPSHOT_POLICY_EVALUATION,EXIDEIND
ValueError,accepted_range_established_at is required for an accepted range,2026-07-27 09:15:00,SNAPSHOT_POLICY_EVALUATION,FORCEMOT
ValueError,accepted_range_established_at is required for an accepted range,2026-07-27 09:18:00,SNAPSHOT_POLICY_EVALUATION,FORCEMOT
ValueError,accepted_range_established_at is required for an accepted range,2026-07-27 09:21:00,SNAPSHOT_POLICY_EVALUATION,FORCEMOT
ValueError,accepted_range_established_at is required for an accepted range,2026-07-27 09:24:00,SNAPSHOT_POLICY_EVALUATION,FORCEMOT
ValueError,accepted_range_established_at is required for an accepted range,2026-07-27 09:15:00,SNAPSHOT_POLICY_EVALUATION,GLENMARK
ValueError,accepted_range_established_at is required for an accepted range,2026-07-27 09:18:00,SNAPSHOT_POLICY_EVALUATION,GLENMARK
ValueError,accepted_range_established_at is required for an accepted range,2026-07-27 09:21:00,SNAPSHOT_POLICY_EVALUATION,GLENMARK
ValueError,accepted_range_established_at is required for an accepted range,2026-07-27 09:24:00,SNAPSHOT_POLICY_EVALUATION,GLENMARK
ValueError,accepted_range_established_at is required for an accepted range,2026-07-27 09:15:00,SNAPSHOT_POLICY_EVALUATION,GVT&D
ValueError,accepted_range_established_at is required for an accepted range,2026-07-27 09:18:00,SNAPSHOT_POLICY_EVALUATION,GVT&D
ValueError,accepted_range_established_at is required for an accepted range,2026-07-27 09:21:00,SNAPSHOT_POLICY_EVALUATION,GVT&D
ValueError,accepted_range_established_at is required for an accepted range,2026-07-27 09:24:00,SNAPSHOT_POLICY_EVALUATION,GVT&D
ValueError,accepted_range_established_at is required for an accepted range,2026-07-27 09:15:00,SNAPSHOT_POLICY_EVALUATION,HCLTECH
ValueError,accepted_range_established_at is required for an accepted range,2026-07-27 09:18:00,SNAPSHOT_POLICY_EVALUATION,HCLTECH
ValueError,accepted_range_established_at is required for an accepted range,2026-07-27 09:21:00,SNAPSHOT_POLICY_EVALUATION,HCLTECH
ValueError,accepted_range_established_at is required for an accepted range,2026-07-27 09:24:00,SNAPSHOT_POLICY_EVALUATION,HCLTECH
ValueError,accepted_range_established_at is required for an accepted range,2026-07-27 09:15:00,SNAPSHOT_POLICY_EVALUATION,HDFCAMC
ValueError,accepted_range_established_at is required for an accepted range,2026-07-27 09:18:00,SNAPSHOT_POLICY_EVALUATION,HDFCAMC
ValueError,accepted_range_established_at is required for an accepted range,2026-07-27 09:21:00,SNAPSHOT_POLICY_EVALUATION,HDFCAMC
ValueError,accepted_range_established_at is required for an accepted range,2026-07-27 09:24:00,SNAPSHOT_POLICY_EVALUATION,HDFCAMC
ValueError,accepted_range_established_at is required for an accepted range,2026-07-27 09:15:00,SNAPSHOT_POLICY_EVALUATION,HDFCBANK
ValueError,accepted_range_established_at is required for an accepted range,2026-07-27 09:18:00,SNAPSHOT_POLICY_EVALUATION,HDFCBANK
ValueError,accepted_range_established_at is required for an accepted range,2026-07-27 09:21:00,SNAPSHOT_POLICY_EVALUATION,HDFCBANK
ValueError,accepted_range_established_at is required for an accepted range,2026-07-27 09:24:00,SNAPSHOT_POLICY_EVALUATION,HDFCBANK
ValueError,accepted_range_established_at is required for an accepted range,2026-07-27 09:15:00,SNAPSHOT_POLICY_EVALUATION,HEROMOTOCO
ValueError,accepted_range_established_at is required for an accepted range,2026-07-27 09:18:00,SNAPSHOT_POLICY_EVALUATION,HEROMOTOCO
ValueError,accepted_range_established_at is required for an accepted range,2026-07-27 09:21:00,SNAPSHOT_POLICY_EVALUATION,HEROMOTOCO
ValueError,accepted_range_established_at is required for an accepted range,2026-07-27 09:24:00,SNAPSHOT_POLICY_EVALUATION,HEROMOTOCO
ValueError,accepted_range_established_at is required for an accepted range,2026-07-27 09:15:00,SNAPSHOT_POLICY_EVALUATION,HINDUNILVR
ValueError,accepted_range_established_at is required for an accepted range,2026-07-27 09:18:00,SNAPSHOT_POLICY_EVALUATION,HINDUNILVR
ValueError,accepted_range_established_at is required for an accepted range,2026-07-27 09:21:00,SNAPSHOT_POLICY_EVALUATION,HINDUNILVR
ValueError,accepted_range_established_at is required for an accepted range,2026-07-27 09:24:00,SNAPSHOT_POLICY_EVALUATION,HINDUNILVR
ValueError,accepted_range_established_at is required for an accepted range,2026-07-27 09:15:00,SNAPSHOT_POLICY_EVALUATION,HINDZINC
ValueError,accepted_range_established_at is required for an accepted range,2026-07-27 09:18:00,SNAPSHOT_POLICY_EVALUATION,HINDZINC
ValueError,accepted_range_established_at is required for an accepted range,2026-07-27 09:21:00,SNAPSHOT_POLICY_EVALUATION,HINDZINC
ValueError,accepted_range_established_at is required for an accepted range,2026-07-27 09:24:00,SNAPSHOT_POLICY_EVALUATION,HINDZINC
ValueError,accepted_range_established_at is required for an accepted range,2026-07-27 09:15:00,SNAPSHOT_POLICY_EVALUATION,ICICIBANK
ValueError,accepted_range_established_at is required for an accepted range,2026-07-27 09:18:00,SNAPSHOT_POLICY_EVALUATION,ICICIBANK
ValueError,accepted_range_established_at is required for an accepted range,2026-07-27 09:21:00,SNAPSHOT_POLICY_EVALUATION,ICICIBANK
ValueError,accepted_range_established_at is required for an accepted range,2026-07-27 09:24:00,SNAPSHOT_POLICY_EVALUATION,ICICIBANK
ValueError,accepted_range_established_at is required for an accepted range,2026-07-27 09:15:00,SNAPSHOT_POLICY_EVALUATION,ICICIPRULI
ValueError,accepted_range_established_at is required for an accepted range,2026-07-27 09:18:00,SNAPSHOT_POLICY_EVALUATION,ICICIPRULI
ValueError,accepted_range_established_at is required for an accepted range,2026-07-27 09:21:00,SNAPSHOT_POLICY_EVALUATION,ICICIPRULI
ValueError,accepted_range_established_at is required for an accepted range,2026-07-27 09:24:00,SNAPSHOT_POLICY_EVALUATION,ICICIPRULI
ValueError,accepted_range_established_at is required for an accepted range,2026-07-27 09:15:00,SNAPSHOT_POLICY_EVALUATION,INDIGO
ValueError,accepted_range_established_at is required for an accepted range,2026-07-27 09:18:00,SNAPSHOT_POLICY_EVALUATION,INDIGO
ValueError,accepted_range_established_at is required for an accepted range,2026-07-27 09:21:00,SNAPSHOT_POLICY_EVALUATION,INDIGO
ValueError,accepted_range_established_at is required for an accepted range,2026-07-27 09:24:00,SNAPSHOT_POLICY_EVALUATION,INDIGO
ValueError,accepted_range_established_at is required for an accepted range,2026-07-27 09:15:00,SNAPSHOT_POLICY_EVALUATION,INFY
ValueError,accepted_range_established_at is required for an accepted range,2026-07-27 09:18:00,SNAPSHOT_POLICY_EVALUATION,INFY
ValueError,accepted_range_established_at is required for an accepted range,2026-07-27 09:21:00,SNAPSHOT_POLICY_EVALUATION,INFY
ValueError,accepted_range_established_at is required for an accepted range,2026-07-27 09:24:00,SNAPSHOT_POLICY_EVALUATION,INFY
ValueError,accepted_range_established_at is required for an accepted range,2026-07-27 09:15:00,SNAPSHOT_POLICY_EVALUATION,JINDALSTEL
ValueError,accepted_range_established_at is required for an accepted range,2026-07-27 09:18:00,SNAPSHOT_POLICY_EVALUATION,JINDALSTEL
ValueError,accepted_range_established_at is required for an accepted range,2026-07-27 09:21:00,SNAPSHOT_POLICY_EVALUATION,JINDALSTEL
ValueError,accepted_range_established_at is required for an accepted range,2026-07-27 09:24:00,SNAPSHOT_POLICY_EVALUATION,JINDALSTEL
ValueError,accepted_range_established_at is required for an accepted range,2026-07-27 09:15:00,SNAPSHOT_POLICY_EVALUATION,JUBLFOOD
ValueError,accepted_range_established_at is required for an accepted range,2026-07-27 09:18:00,SNAPSHOT_POLICY_EVALUATION,JUBLFOOD
ValueError,accepted_range_established_at is required for an accepted range,2026-07-27 09:21:00,SNAPSHOT_POLICY_EVALUATION,JUBLFOOD
ValueError,accepted_range_established_at is required for an accepted range,2026-07-27 09:24:00,SNAPSHOT_POLICY_EVALUATION,JUBLFOOD
ValueError,accepted_range_established_at is required for an accepted range,2026-07-27 09:15:00,SNAPSHOT_POLICY_EVALUATION,KALYANKJIL
ValueError,accepted_range_established_at is required for an accepted range,2026-07-27 09:18:00,SNAPSHOT_POLICY_EVALUATION,KALYANKJIL
ValueError,accepted_range_established_at is required for an accepted range,2026-07-27 09:21:00,SNAPSHOT_POLICY_EVALUATION,KALYANKJIL
ValueError,accepted_range_established_at is required for an accepted range,2026-07-27 09:24:00,SNAPSHOT_POLICY_EVALUATION,KALYANKJIL
ValueError,accepted_range_established_at is required for an accepted range,2026-07-27 09:15:00,SNAPSHOT_POLICY_EVALUATION,KOTAKBANK
ValueError,accepted_range_established_at is required for an accepted range,2026-07-27 09:18:00,SNAPSHOT_POLICY_EVALUATION,KOTAKBANK
ValueError,accepted_range_established_at is required for an accepted range,2026-07-27 09:21:00,SNAPSHOT_POLICY_EVALUATION,KOTAKBANK
ValueError,accepted_range_established_at is required for an accepted range,2026-07-27 09:24:00,SNAPSHOT_POLICY_EVALUATION,KOTAKBANK
ValueError,accepted_range_established_at is required for an accepted range,2026-07-27 09:15:00,SNAPSHOT_POLICY_EVALUATION,LAURUSLABS
ValueError,accepted_range_established_at is required for an accepted range,2026-07-27 09:18:00,SNAPSHOT_POLICY_EVALUATION,LAURUSLABS
ValueError,accepted_range_established_at is required for an accepted range,2026-07-27 09:21:00,SNAPSHOT_POLICY_EVALUATION,LAURUSLABS
ValueError,accepted_range_established_at is required for an accepted range,2026-07-27 09:24:00,SNAPSHOT_POLICY_EVALUATION,LAURUSLABS
ValueError,accepted_range_established_at is required for an accepted range,2026-07-27 09:15:00,SNAPSHOT_POLICY_EVALUATION,LICHSGFIN
ValueError,accepted_range_established_at is required for an accepted range,2026-07-27 09:18:00,SNAPSHOT_POLICY_EVALUATION,LICHSGFIN
ValueError,accepted_range_established_at is required for an accepted range,2026-07-27 09:21:00,SNAPSHOT_POLICY_EVALUATION,LICHSGFIN
ValueError,accepted_range_established_at is required for an accepted range,2026-07-27 09:24:00,SNAPSHOT_POLICY_EVALUATION,LICHSGFIN
ValueError,accepted_range_established_at is required for an accepted range,2026-07-27 09:15:00,SNAPSHOT_POLICY_EVALUATION,LODHA
ValueError,accepted_range_established_at is required for an accepted range,2026-07-27 09:18:00,SNAPSHOT_POLICY_EVALUATION,LODHA
ValueError,accepted_range_established_at is required for an accepted range,2026-07-27 09:21:00,SNAPSHOT_POLICY_EVALUATION,LODHA
ValueError,accepted_range_established_at is required for an accepted range,2026-07-27 09:24:00,SNAPSHOT_POLICY_EVALUATION,LODHA
ValueError,accepted_range_established_at is required for an accepted range,2026-07-27 09:15:00,SNAPSHOT_POLICY_EVALUATION,LT
ValueError,accepted_range_established_at is required for an accepted range,2026-07-27 09:18:00,SNAPSHOT_POLICY_EVALUATION,LT
ValueError,accepted_range_established_at is required for an accepted range,2026-07-27 09:21:00,SNAPSHOT_POLICY_EVALUATION,LT
ValueError,accepted_range_established_at is required for an accepted range,2026-07-27 09:24:00,SNAPSHOT_POLICY_EVALUATION,LT
ValueError,accepted_range_established_at is required for an accepted range,2026-07-27 09:15:00,SNAPSHOT_POLICY_EVALUATION,LTF
ValueError,accepted_range_established_at is required for an accepted range,2026-07-27 09:18:00,SNAPSHOT_POLICY_EVALUATION,LTF
ValueError,accepted_range_established_at is required for an accepted range,2026-07-27 09:21:00,SNAPSHOT_POLICY_EVALUATION,LTF
ValueError,accepted_range_established_at is required for an accepted range,2026-07-27 09:24:00,SNAPSHOT_POLICY_EVALUATION,LTF
ValueError,accepted_range_established_at is required for an accepted range,2026-07-27 09:15:00,SNAPSHOT_POLICY_EVALUATION,LTM
ValueError,accepted_range_established_at is required for an accepted range,2026-07-27 09:18:00,SNAPSHOT_POLICY_EVALUATION,LTM
ValueError,accepted_range_established_at is required for an accepted range,2026-07-27 09:21:00,SNAPSHOT_POLICY_EVALUATION,LTM
ValueError,accepted_range_established_at is required for an accepted range,2026-07-27 09:24:00,SNAPSHOT_POLICY_EVALUATION,LTM
ValueError,accepted_range_established_at is required for an accepted range,2026-07-27 09:15:00,SNAPSHOT_POLICY_EVALUATION,M&M
ValueError,accepted_range_established_at is required for an accepted range,2026-07-27 09:18:00,SNAPSHOT_POLICY_EVALUATION,M&M
ValueError,accepted_range_established_at is required for an accepted range,2026-07-27 09:21:00,SNAPSHOT_POLICY_EVALUATION,M&M
ValueError,accepted_range_established_at is required for an accepted range,2026-07-27 09:24:00,SNAPSHOT_POLICY_EVALUATION,M&M
ValueError,accepted_range_established_at is required for an accepted range,2026-07-27 09:15:00,SNAPSHOT_POLICY_EVALUATION,MANAPPURAM
ValueError,accepted_range_established_at is required for an accepted range,2026-07-27 09:18:00,SNAPSHOT_POLICY_EVALUATION,MANAPPURAM
ValueError,accepted_range_established_at is required for an accepted range,2026-07-27 09:21:00,SNAPSHOT_POLICY_EVALUATION,MANAPPURAM
ValueError,accepted_range_established_at is required for an accepted range,2026-07-27 09:24:00,SNAPSHOT_POLICY_EVALUATION,MANAPPURAM
ValueError,accepted_range_established_at is required for an accepted range,2026-07-27 09:15:00,SNAPSHOT_POLICY_EVALUATION,MARUTI
ValueError,accepted_range_established_at is required for an accepted range,2026-07-27 09:18:00,SNAPSHOT_POLICY_EVALUATION,MARUTI
ValueError,accepted_range_established_at is required for an accepted range,2026-07-27 09:21:00,SNAPSHOT_POLICY_EVALUATION,MARUTI
ValueError,accepted_range_established_at is required for an accepted range,2026-07-27 09:24:00,SNAPSHOT_POLICY_EVALUATION,MARUTI
ValueError,accepted_range_established_at is required for an accepted range,2026-07-27 09:15:00,SNAPSHOT_POLICY_EVALUATION,MAXHEALTH
ValueError,accepted_range_established_at is required for an accepted range,2026-07-27 09:18:00,SNAPSHOT_POLICY_EVALUATION,MAXHEALTH
ValueError,accepted_range_established_at is required for an accepted range,2026-07-27 09:21:00,SNAPSHOT_POLICY_EVALUATION,MAXHEALTH
ValueError,accepted_range_established_at is required for an accepted range,2026-07-27 09:24:00,SNAPSHOT_POLICY_EVALUATION,MAXHEALTH
ValueError,accepted_range_established_at is required for an accepted range,2026-07-27 09:15:00,SNAPSHOT_POLICY_EVALUATION,MCX
ValueError,accepted_range_established_at is required for an accepted range,2026-07-27 09:18:00,SNAPSHOT_POLICY_EVALUATION,MCX
ValueError,accepted_range_established_at is required for an accepted range,2026-07-27 09:21:00,SNAPSHOT_POLICY_EVALUATION,MCX
ValueError,accepted_range_established_at is required for an accepted range,2026-07-27 09:24:00,SNAPSHOT_POLICY_EVALUATION,MCX
ValueError,accepted_range_established_at is required for an accepted range,2026-07-27 09:15:00,SNAPSHOT_POLICY_EVALUATION,MOTILALOFS
ValueError,accepted_range_established_at is required for an accepted range,2026-07-27 09:18:00,SNAPSHOT_POLICY_EVALUATION,MOTILALOFS
ValueError,accepted_range_established_at is required for an accepted range,2026-07-27 09:21:00,SNAPSHOT_POLICY_EVALUATION,MOTILALOFS
ValueError,accepted_range_established_at is required for an accepted range,2026-07-27 09:24:00,SNAPSHOT_POLICY_EVALUATION,MOTILALOFS
ValueError,accepted_range_established_at is required for an accepted range,2026-07-27 09:15:00,SNAPSHOT_POLICY_EVALUATION,MPHASIS
ValueError,accepted_range_established_at is required for an accepted range,2026-07-27 09:18:00,SNAPSHOT_POLICY_EVALUATION,MPHASIS
ValueError,accepted_range_established_at is required for an accepted range,2026-07-27 09:21:00,SNAPSHOT_POLICY_EVALUATION,MPHASIS
ValueError,accepted_range_established_at is required for an accepted range,2026-07-27 09:24:00,SNAPSHOT_POLICY_EVALUATION,MPHASIS
ValueError,accepted_range_established_at is required for an accepted range,2026-07-27 09:15:00,SNAPSHOT_POLICY_EVALUATION,MUTHOOTFIN
ValueError,accepted_range_established_at is required for an accepted range,2026-07-27 09:18:00,SNAPSHOT_POLICY_EVALUATION,MUTHOOTFIN
ValueError,accepted_range_established_at is required for an accepted range,2026-07-27 09:21:00,SNAPSHOT_POLICY_EVALUATION,MUTHOOTFIN
ValueError,accepted_range_established_at is required for an accepted range,2026-07-27 09:24:00,SNAPSHOT_POLICY_EVALUATION,MUTHOOTFIN
ValueError,accepted_range_established_at is required for an accepted range,2026-07-27 09:15:00,SNAPSHOT_POLICY_EVALUATION,NESTLEIND
ValueError,accepted_range_established_at is required for an accepted range,2026-07-27 09:18:00,SNAPSHOT_POLICY_EVALUATION,NESTLEIND
ValueError,accepted_range_established_at is required for an accepted range,2026-07-27 09:21:00,SNAPSHOT_POLICY_EVALUATION,NESTLEIND
ValueError,accepted_range_established_at is required for an accepted range,2026-07-27 09:24:00,SNAPSHOT_POLICY_EVALUATION,NESTLEIND
ValueError,accepted_range_established_at is required for an accepted range,2026-07-27 09:15:00,SNAPSHOT_POLICY_EVALUATION,OFSS
ValueError,accepted_range_established_at is required for an accepted range,2026-07-27 09:18:00,SNAPSHOT_POLICY_EVALUATION,OFSS
ValueError,accepted_range_established_at is required for an accepted range,2026-07-27 09:21:00,SNAPSHOT_POLICY_EVALUATION,OFSS
ValueError,accepted_range_established_at is required for an accepted range,2026-07-27 09:24:00,SNAPSHOT_POLICY_EVALUATION,OFSS
ValueError,accepted_range_established_at is required for an accepted range,2026-07-27 09:15:00,SNAPSHOT_POLICY_EVALUATION,ONGC
ValueError,accepted_range_established_at is required for an accepted range,2026-07-27 09:18:00,SNAPSHOT_POLICY_EVALUATION,ONGC
ValueError,accepted_range_established_at is required for an accepted range,2026-07-27 09:21:00,SNAPSHOT_POLICY_EVALUATION,ONGC
ValueError,accepted_range_established_at is required for an accepted range,2026-07-27 09:24:00,SNAPSHOT_POLICY_EVALUATION,ONGC
ValueError,accepted_range_established_at is required for an accepted range,2026-07-27 09:15:00,SNAPSHOT_POLICY_EVALUATION,PERSISTENT
ValueError,accepted_range_established_at is required for an accepted range,2026-07-27 09:18:00,SNAPSHOT_POLICY_EVALUATION,PERSISTENT
ValueError,accepted_range_established_at is required for an accepted range,2026-07-27 09:21:00,SNAPSHOT_POLICY_EVALUATION,PERSISTENT
ValueError,accepted_range_established_at is required for an accepted range,2026-07-27 09:24:00,SNAPSHOT_POLICY_EVALUATION,PERSISTENT
ValueError,accepted_range_established_at is required for an accepted range,2026-07-27 09:15:00,SNAPSHOT_POLICY_EVALUATION,PIDILITIND
ValueError,accepted_range_established_at is required for an accepted range,2026-07-27 09:18:00,SNAPSHOT_POLICY_EVALUATION,PIDILITIND
ValueError,accepted_range_established_at is required for an accepted range,2026-07-27 09:21:00,SNAPSHOT_POLICY_EVALUATION,PIDILITIND
ValueError,accepted_range_established_at is required for an accepted range,2026-07-27 09:24:00,SNAPSHOT_POLICY_EVALUATION,PIDILITIND
ValueError,accepted_range_established_at is required for an accepted range,2026-07-27 09:15:00,SNAPSHOT_POLICY_EVALUATION,PNBHOUSING
ValueError,accepted_range_established_at is required for an accepted range,2026-07-27 09:18:00,SNAPSHOT_POLICY_EVALUATION,PNBHOUSING
ValueError,accepted_range_established_at is required for an accepted range,2026-07-27 09:21:00,SNAPSHOT_POLICY_EVALUATION,PNBHOUSING
ValueError,accepted_range_established_at is required for an accepted range,2026-07-27 09:24:00,SNAPSHOT_POLICY_EVALUATION,PNBHOUSING
ValueError,accepted_range_established_at is required for an accepted range,2026-07-27 09:15:00,SNAPSHOT_POLICY_EVALUATION,POLICYBZR
ValueError,accepted_range_established_at is required for an accepted range,2026-07-27 09:18:00,SNAPSHOT_POLICY_EVALUATION,POLICYBZR
ValueError,accepted_range_established_at is required for an accepted range,2026-07-27 09:21:00,SNAPSHOT_POLICY_EVALUATION,POLICYBZR
ValueError,accepted_range_established_at is required for an accepted range,2026-07-27 09:24:00,SNAPSHOT_POLICY_EVALUATION,POLICYBZR
ValueError,accepted_range_established_at is required for an accepted range,2026-07-27 09:15:00,SNAPSHOT_POLICY_EVALUATION,POLYCAB
ValueError,accepted_range_established_at is required for an accepted range,2026-07-27 09:18:00,SNAPSHOT_POLICY_EVALUATION,POLYCAB
ValueError,accepted_range_established_at is required for an accepted range,2026-07-27 09:21:00,SNAPSHOT_POLICY_EVALUATION,POLYCAB
ValueError,accepted_range_established_at is required for an accepted range,2026-07-27 09:24:00,SNAPSHOT_POLICY_EVALUATION,POLYCAB
ValueError,accepted_range_established_at is required for an accepted range,2026-07-27 09:15:00,SNAPSHOT_POLICY_EVALUATION,POWERINDIA
ValueError,accepted_range_established_at is required for an accepted range,2026-07-27 09:18:00,SNAPSHOT_POLICY_EVALUATION,POWERINDIA
ValueError,accepted_range_established_at is required for an accepted range,2026-07-27 09:21:00,SNAPSHOT_POLICY_EVALUATION,POWERINDIA
ValueError,accepted_range_established_at is required for an accepted range,2026-07-27 09:24:00,SNAPSHOT_POLICY_EVALUATION,POWERINDIA
ValueError,accepted_range_established_at is required for an accepted range,2026-07-27 09:15:00,SNAPSHOT_POLICY_EVALUATION,PREMIERENE
ValueError,accepted_range_established_at is required for an accepted range,2026-07-27 09:18:00,SNAPSHOT_POLICY_EVALUATION,PREMIERENE
ValueError,accepted_range_established_at is required for an accepted range,2026-07-27 09:21:00,SNAPSHOT_POLICY_EVALUATION,PREMIERENE
ValueError,accepted_range_established_at is required for an accepted range,2026-07-27 09:24:00,SNAPSHOT_POLICY_EVALUATION,PREMIERENE
ValueError,accepted_range_established_at is required for an accepted range,2026-07-27 09:15:00,SNAPSHOT_POLICY_EVALUATION,PRESTIGE
ValueError,accepted_range_established_at is required for an accepted range,2026-07-27 09:18:00,SNAPSHOT_POLICY_EVALUATION,PRESTIGE
ValueError,accepted_range_established_at is required for an accepted range,2026-07-27 09:21:00,SNAPSHOT_POLICY_EVALUATION,PRESTIGE
ValueError,accepted_range_established_at is required for an accepted range,2026-07-27 09:24:00,SNAPSHOT_POLICY_EVALUATION,PRESTIGE
ValueError,accepted_range_established_at is required for an accepted range,2026-07-27 09:15:00,SNAPSHOT_POLICY_EVALUATION,RADICO
ValueError,accepted_range_established_at is required for an accepted range,2026-07-27 09:18:00,SNAPSHOT_POLICY_EVALUATION,RADICO
ValueError,accepted_range_established_at is required for an accepted range,2026-07-27 09:21:00,SNAPSHOT_POLICY_EVALUATION,RADICO
ValueError,accepted_range_established_at is required for an accepted range,2026-07-27 09:24:00,SNAPSHOT_POLICY_EVALUATION,RADICO
ValueError,accepted_range_established_at is required for an accepted range,2026-07-27 09:15:00,SNAPSHOT_POLICY_EVALUATION,SBICARD
ValueError,accepted_range_established_at is required for an accepted range,2026-07-27 09:18:00,SNAPSHOT_POLICY_EVALUATION,SBICARD
ValueError,accepted_range_established_at is required for an accepted range,2026-07-27 09:21:00,SNAPSHOT_POLICY_EVALUATION,SBICARD
ValueError,accepted_range_established_at is required for an accepted range,2026-07-27 09:24:00,SNAPSHOT_POLICY_EVALUATION,SBICARD
ValueError,accepted_range_established_at is required for an accepted range,2026-07-27 09:15:00,SNAPSHOT_POLICY_EVALUATION,SBILIFE
ValueError,accepted_range_established_at is required for an accepted range,2026-07-27 09:18:00,SNAPSHOT_POLICY_EVALUATION,SBILIFE
ValueError,accepted_range_established_at is required for an accepted range,2026-07-27 09:21:00,SNAPSHOT_POLICY_EVALUATION,SBILIFE
ValueError,accepted_range_established_at is required for an accepted range,2026-07-27 09:24:00,SNAPSHOT_POLICY_EVALUATION,SBILIFE
ValueError,accepted_range_established_at is required for an accepted range,2026-07-27 09:15:00,SNAPSHOT_POLICY_EVALUATION,SBIN
ValueError,accepted_range_established_at is required for an accepted range,2026-07-27 09:18:00,SNAPSHOT_POLICY_EVALUATION,SBIN
ValueError,accepted_range_established_at is required for an accepted range,2026-07-27 09:21:00,SNAPSHOT_POLICY_EVALUATION,SBIN
ValueError,accepted_range_established_at is required for an accepted range,2026-07-27 09:24:00,SNAPSHOT_POLICY_EVALUATION,SBIN
ValueError,accepted_range_established_at is required for an accepted range,2026-07-27 09:15:00,SNAPSHOT_POLICY_EVALUATION,SHRIRAMFIN
ValueError,accepted_range_established_at is required for an accepted range,2026-07-27 09:18:00,SNAPSHOT_POLICY_EVALUATION,SHRIRAMFIN
ValueError,accepted_range_established_at is required for an accepted range,2026-07-27 09:21:00,SNAPSHOT_POLICY_EVALUATION,SHRIRAMFIN
ValueError,accepted_range_established_at is required for an accepted range,2026-07-27 09:24:00,SNAPSHOT_POLICY_EVALUATION,SHRIRAMFIN
ValueError,accepted_range_established_at is required for an accepted range,2026-07-27 09:15:00,SNAPSHOT_POLICY_EVALUATION,SIEMENS
ValueError,accepted_range_established_at is required for an accepted range,2026-07-27 09:18:00,SNAPSHOT_POLICY_EVALUATION,SIEMENS
ValueError,accepted_range_established_at is required for an accepted range,2026-07-27 09:21:00,SNAPSHOT_POLICY_EVALUATION,SIEMENS
ValueError,accepted_range_established_at is required for an accepted range,2026-07-27 09:24:00,SNAPSHOT_POLICY_EVALUATION,SIEMENS
ValueError,accepted_range_established_at is required for an accepted range,2026-07-27 09:15:00,SNAPSHOT_POLICY_EVALUATION,TCS
ValueError,accepted_range_established_at is required for an accepted range,2026-07-27 09:18:00,SNAPSHOT_POLICY_EVALUATION,TCS
ValueError,accepted_range_established_at is required for an accepted range,2026-07-27 09:21:00,SNAPSHOT_POLICY_EVALUATION,TCS
ValueError,accepted_range_established_at is required for an accepted range,2026-07-27 09:24:00,SNAPSHOT_POLICY_EVALUATION,TCS
ValueError,accepted_range_established_at is required for an accepted range,2026-07-27 09:15:00,SNAPSHOT_POLICY_EVALUATION,TECHM
ValueError,accepted_range_established_at is required for an accepted range,2026-07-27 09:18:00,SNAPSHOT_POLICY_EVALUATION,TECHM
ValueError,accepted_range_established_at is required for an accepted range,2026-07-27 09:21:00,SNAPSHOT_POLICY_EVALUATION,TECHM
ValueError,accepted_range_established_at is required for an accepted range,2026-07-27 09:24:00,SNAPSHOT_POLICY_EVALUATION,TECHM
ValueError,accepted_range_established_at is required for an accepted range,2026-07-27 09:15:00,SNAPSHOT_POLICY_EVALUATION,TMPV
ValueError,accepted_range_established_at is required for an accepted range,2026-07-27 09:18:00,SNAPSHOT_POLICY_EVALUATION,TMPV
ValueError,accepted_range_established_at is required for an accepted range,2026-07-27 09:21:00,SNAPSHOT_POLICY_EVALUATION,TMPV
ValueError,accepted_range_established_at is required for an accepted range,2026-07-27 09:24:00,SNAPSHOT_POLICY_EVALUATION,TMPV
ValueError,accepted_range_established_at is required for an accepted range,2026-07-27 09:15:00,SNAPSHOT_POLICY_EVALUATION,TRENT
ValueError,accepted_range_established_at is required for an accepted range,2026-07-27 09:18:00,SNAPSHOT_POLICY_EVALUATION,TRENT
ValueError,accepted_range_established_at is required for an accepted range,2026-07-27 09:21:00,SNAPSHOT_POLICY_EVALUATION,TRENT
ValueError,accepted_range_established_at is required for an accepted range,2026-07-27 09:24:00,SNAPSHOT_POLICY_EVALUATION,TRENT
ValueError,accepted_range_established_at is required for an accepted range,2026-07-27 09:15:00,SNAPSHOT_POLICY_EVALUATION,ULTRACEMCO
ValueError,accepted_range_established_at is required for an accepted range,2026-07-27 09:18:00,SNAPSHOT_POLICY_EVALUATION,ULTRACEMCO
ValueError,accepted_range_established_at is required for an accepted range,2026-07-27 09:21:00,SNAPSHOT_POLICY_EVALUATION,ULTRACEMCO
ValueError,accepted_range_established_at is required for an accepted range,2026-07-27 09:24:00,SNAPSHOT_POLICY_EVALUATION,ULTRACEMCO
ValueError,accepted_range_established_at is required for an accepted range,2026-07-27 09:15:00,SNAPSHOT_POLICY_EVALUATION,UPL
ValueError,accepted_range_established_at is required for an accepted range,2026-07-27 09:18:00,SNAPSHOT_POLICY_EVALUATION,UPL
ValueError,accepted_range_established_at is required for an accepted range,2026-07-27 09:21:00,SNAPSHOT_POLICY_EVALUATION,UPL
ValueError,accepted_range_established_at is required for an accepted range,2026-07-27 09:24:00,SNAPSHOT_POLICY_EVALUATION,UPL
