status,run_id,trading_day,rank_time,requested_symbols,cadence_coverage,ranked_symbols,missing_symbols,failed_symbols,priority_count,secondary_count,suppressed_count,range_bound_count,moving_count,developing_count,persisted
COMPLETED,STOCK_RANK:20260805T093000,2026-08-05,2026-08-05 09:30:00,100,100,100,[],{},25,25,50,0,60,17,True
COMPLETED,STOCK_RANK:20260805T093600,2026-08-05,2026-08-05 09:36:00,100,100,100,[],{},25,25,50,1,37,30,True
COMPLETED,STOCK_RANK:20260805T094200,2026-08-05,2026-08-05 09:42:00,100,100,100,[],{},25,17,58,9,29,20,True
COMPLETED,STOCK_RANK:20260805T094800,2026-08-05,2026-08-05 09:48:00,100,100,100,[],{},21,11,68,19,21,19,True
COMPLETED,STOCK_RANK:20260805T095400,2026-08-05,2026-08-05 09:54:00,100,100,100,[],{},18,11,71,23,18,20,True
COMPLETED,STOCK_RANK:20260805T100000,2026-08-05,2026-08-05 10:00:00,100,100,100,[],{},16,9,75,22,16,17,True
COMPLETED,STOCK_RANK:20260805T100600,2026-08-05,2026-08-05 10:06:00,100,100,100,[],{},20,10,70,24,20,13,True
COMPLETED,STOCK_RANK:20260805T101200,2026-08-05,2026-08-05 10:12:00,100,100,100,[],{},13,4,83,22,13,7,True
COMPLETED,STOCK_RANK:20260805T101800,2026-08-05,2026-08-05 10:18:00,100,100,100,[],{},10,8,82,26,10,12,True
COMPLETED,STOCK_RANK:20260805T102400,2026-08-05,2026-08-05 10:24:00,100,100,100,[],{},14,3,83,32,14,8,True
COMPLETED,STOCK_RANK:20260805T103000,2026-08-05,2026-08-05 10:30:00,100,100,100,[],{},18,7,75,38,18,12,True
COMPLETED,STOCK_RANK:20260805T103600,2026-08-05,2026-08-05 10:36:00,100,100,100,[],{},12,6,82,37,12,12,True
COMPLETED,STOCK_RANK:20260805T104200,2026-08-05,2026-08-05 10:42:00,100,100,100,[],{},4,6,90,43,4,9,True
COMPLETED,STOCK_RANK:20260805T104800,2026-08-05,2026-08-05 10:48:00,100,100,100,[],{},5,1,94,44,5,4,True
COMPLETED,STOCK_RANK:20260805T105400,2026-08-05,2026-08-05 10:54:00,100,100,100,[],{},10,11,79,40,10,13,True
COMPLETED,STOCK_RANK:20260805T110000,2026-08-05,2026-08-05 11:00:00,100,100,100,[],{},6,8,86,38,6,16,True
COMPLETED,STOCK_RANK:20260805T110600,2026-08-05,2026-08-05 11:06:00,100,100,100,[],{},11,1,88,40,11,7,True
COMPLETED,STOCK_RANK:20260805T111200,2026-08-05,2026-08-05 11:12:00,100,100,100,[],{},14,4,82,45,14,5,True
COMPLETED,STOCK_RANK:20260805T111800,2026-08-05,2026-08-05 11:18:00,100,100,100,[],{},11,4,85,44,11,5,True
COMPLETED,STOCK_RANK:20260805T112400,2026-08-05,2026-08-05 11:24:00,100,100,100,[],{},5,5,90,49,5,10,True
COMPLETED,STOCK_RANK:20260805T113000,2026-08-05,2026-08-05 11:30:00,100,100,100,[],{},13,3,84,31,13,10,True
COMPLETED,STOCK_RANK:20260805T113600,2026-08-05,2026-08-05 11:36:00,100,100,100,[],{},20,8,72,35,20,14,True
COMPLETED,STOCK_RANK:20260805T114200,2026-08-05,2026-08-05 11:42:00,100,100,100,[],{},12,8,80,43,12,13,True
COMPLETED,STOCK_RANK:20260805T114800,2026-08-05,2026-08-05 11:48:00,100,100,100,[],{},14,3,83,41,14,7,True
COMPLETED,STOCK_RANK:20260805T115400,2026-08-05,2026-08-05 11:54:00,100,100,100,[],{},17,7,76,41,17,7,True
COMPLETED,STOCK_RANK:20260805T120000,2026-08-05,2026-08-05 12:00:00,100,100,100,[],{},12,7,81,42,12,11,True
COMPLETED,STOCK_RANK:20260805T120600,2026-08-05,2026-08-05 12:06:00,100,100,100,[],{},5,5,90,50,5,8,True
COMPLETED,STOCK_RANK:20260805T121200,2026-08-05,2026-08-05 12:12:00,100,100,100,[],{},6,4,90,42,6,11,True
COMPLETED,STOCK_RANK:20260805T121800,2026-08-05,2026-08-05 12:18:00,100,100,100,[],{},6,6,88,48,6,10,True
COMPLETED,STOCK_RANK:20260805T122400,2026-08-05,2026-08-05 12:24:00,100,100,100,[],{},13,3,84,52,13,6,True
COMPLETED,STOCK_RANK:20260805T123000,2026-08-05,2026-08-05 12:30:00,100,100,100,[],{},15,4,81,50,15,4,True
COMPLETED,STOCK_RANK:20260805T123600,2026-08-05,2026-08-05 12:36:00,100,100,100,[],{},17,8,75,46,17,9,True
COMPLETED,STOCK_RANK:20260805T124200,2026-08-05,2026-08-05 12:42:00,100,100,100,[],{},6,4,90,53,6,8,True
COMPLETED,STOCK_RANK:20260805T124800,2026-08-05,2026-08-05 12:48:00,100,100,100,[],{},7,6,87,52,7,6,True
COMPLETED,STOCK_RANK:20260805T125400,2026-08-05,2026-08-05 12:54:00,100,100,100,[],{},15,6,79,45,15,7,True
COMPLETED,STOCK_RANK:20260805T130000,2026-08-05,2026-08-05 13:00:00,100,100,100,[],{},12,7,81,49,12,11,True
COMPLETED,STOCK_RANK:20260805T130600,2026-08-05,2026-08-05 13:06:00,100,100,100,[],{},7,6,87,49,7,9,True
COMPLETED,STOCK_RANK:20260805T131200,2026-08-05,2026-08-05 13:12:00,100,100,100,[],{},10,3,87,48,10,5,True
COMPLETED,STOCK_RANK:20260805T131800,2026-08-05,2026-08-05 13:18:00,100,100,100,[],{},9,2,89,57,9,4,True
COMPLETED,STOCK_RANK:20260805T132400,2026-08-05,2026-08-05 13:24:00,100,93,93,"[""KPITTECH"", ""LAURUSLABS"", ""LODHA"", ""LTF"", ""LTM"", ""M&M"", ""MANAPPURAM""]",{},9,3,81,49,9,3,True
COMPLETED,STOCK_RANK:20260805T133000,2026-08-05,2026-08-05 13:30:00,100,90,90,"[""JUBLFOOD"", ""KALYANKJIL"", ""KOTAKBANK"", ""KPITTECH"", ""LAURUSLABS"", ""LODHA"", ""LTF"", ""LTM"", ""M&M"", ""MANAPPURAM""]",{},9,2,79,44,9,5,True
COMPLETED,STOCK_RANK:20260805T133600,2026-08-05,2026-08-05 13:36:00,100,90,90,"[""JUBLFOOD"", ""KALYANKJIL"", ""KOTAKBANK"", ""KPITTECH"", ""LAURUSLABS"", ""LODHA"", ""LTF"", ""LTM"", ""M&M"", ""MANAPPURAM""]",{},7,2,81,48,7,5,True
COMPLETED,STOCK_RANK:20260805T134200,2026-08-05,2026-08-05 13:42:00,100,90,90,"[""JUBLFOOD"", ""KALYANKJIL"", ""KOTAKBANK"", ""KPITTECH"", ""LAURUSLABS"", ""LODHA"", ""LTF"", ""LTM"", ""M&M"", ""MANAPPURAM""]",{},20,6,64,39,25,7,True
COMPLETED,STOCK_RANK:20260805T134800,2026-08-05,2026-08-05 13:48:00,100,90,90,"[""JUBLFOOD"", ""KALYANKJIL"", ""KOTAKBANK"", ""KPITTECH"", ""LAURUSLABS"", ""LODHA"", ""LTF"", ""LTM"", ""M&M"", ""MANAPPURAM""]",{},7,5,78,42,7,11,True
COMPLETED,STOCK_RANK:20260805T135400,2026-08-05,2026-08-05 13:54:00,100,90,90,"[""JUBLFOOD"", ""KALYANKJIL"", ""KOTAKBANK"", ""KPITTECH"", ""LAURUSLABS"", ""LODHA"", ""LTF"", ""LTM"", ""M&M"", ""MANAPPURAM""]",{},8,3,79,41,8,5,True
COMPLETED,STOCK_RANK:20260805T140000,2026-08-05,2026-08-05 14:00:00,100,90,90,"[""JUBLFOOD"", ""KALYANKJIL"", ""KOTAKBANK"", ""KPITTECH"", ""LAURUSLABS"", ""LODHA"", ""LTF"", ""LTM"", ""M&M"", ""MANAPPURAM""]",{},11,5,74,36,11,7,True
COMPLETED,STOCK_RANK:20260805T140600,2026-08-05,2026-08-05 14:06:00,100,90,90,"[""JUBLFOOD"", ""KALYANKJIL"", ""KOTAKBANK"", ""KPITTECH"", ""LAURUSLABS"", ""LODHA"", ""LTF"", ""LTM"", ""M&M"", ""MANAPPURAM""]",{},7,5,78,38,7,6,True
COMPLETED,STOCK_RANK:20260805T141200,2026-08-05,2026-08-05 14:12:00,100,90,90,"[""JUBLFOOD"", ""KALYANKJIL"", ""KOTAKBANK"", ""KPITTECH"", ""LAURUSLABS"", ""LODHA"", ""LTF"", ""LTM"", ""M&M"", ""MANAPPURAM""]",{},8,3,79,41,8,5,True
COMPLETED,STOCK_RANK:20260805T141800,2026-08-05,2026-08-05 14:18:00,100,90,90,"[""JUBLFOOD"", ""KALYANKJIL"", ""KOTAKBANK"", ""KPITTECH"", ""LAURUSLABS"", ""LODHA"", ""LTF"", ""LTM"", ""M&M"", ""MANAPPURAM""]",{},17,3,70,43,17,4,True
COMPLETED,STOCK_RANK:20260805T142400,2026-08-05,2026-08-05 14:24:00,100,90,90,"[""JUBLFOOD"", ""KALYANKJIL"", ""KOTAKBANK"", ""KPITTECH"", ""LAURUSLABS"", ""LODHA"", ""LTF"", ""LTM"", ""M&M"", ""MANAPPURAM""]",{},17,9,64,36,17,11,True
COMPLETED,STOCK_RANK:20260805T143000,2026-08-05,2026-08-05 14:30:00,100,90,90,"[""JUBLFOOD"", ""KALYANKJIL"", ""KOTAKBANK"", ""KPITTECH"", ""LAURUSLABS"", ""LODHA"", ""LTF"", ""LTM"", ""M&M"", ""MANAPPURAM""]",{},12,5,73,41,12,9,True
COMPLETED,STOCK_RANK:20260805T143600,2026-08-05,2026-08-05 14:36:00,100,90,90,"[""JUBLFOOD"", ""KALYANKJIL"", ""KOTAKBANK"", ""KPITTECH"", ""LAURUSLABS"", ""LODHA"", ""LTF"", ""LTM"", ""M&M"", ""MANAPPURAM""]",{},11,4,75,46,11,5,True
COMPLETED,STOCK_RANK:20260805T144200,2026-08-05,2026-08-05 14:42:00,100,90,90,"[""JUBLFOOD"", ""KALYANKJIL"", ""KOTAKBANK"", ""KPITTECH"", ""LAURUSLABS"", ""LODHA"", ""LTF"", ""LTM"", ""M&M"", ""MANAPPURAM""]",{},13,6,71,46,13,8,True
COMPLETED,STOCK_RANK:20260805T144800,2026-08-05,2026-08-05 14:48:00,100,97,97,"[""JUBLFOOD"", ""KALYANKJIL"", ""KOTAKBANK""]",{},10,2,85,46,10,5,True
COMPLETED,STOCK_RANK:20260805T145400,2026-08-05,2026-08-05 14:54:00,100,100,100,[],{},10,2,88,50,10,3,True
COMPLETED,STOCK_RANK:20260805T150000,2026-08-05,2026-08-05 15:00:00,100,100,100,[],{},14,3,83,51,14,4,True
COMPLETED,STOCK_RANK:20260805T150600,2026-08-05,2026-08-05 15:06:00,100,100,100,[],{},12,5,83,48,12,9,True
COMPLETED,STOCK_RANK:20260805T151200,2026-08-05,2026-08-05 15:12:00,100,100,100,[],{},16,6,78,47,16,9,True
