advisor_action,advisor_reason_codes,approved,blockers,candidate_id,index,manager_reason_codes,outcome,reason_codes,setup_family,side,snapshot_time,source_episode_id,source_event_id,source_event_type,structural_result,symbol
,[],False,"[""ENTRY_TOO_FAR_FROM_EVENT_ANCHOR""]",,170,"[""NO_EVENT_DRIVEN_SETUP_APPROVED""]",SETUP_QUALITY_REJECTED,"[""RECOMPRESSION_COMPLETED"", ""FRESH_DIRECTIONAL_EXPANSION_CONFIRMED""]",REACCELERATION,BUY,2026-07-31T09:51:00+05:30,DIR:CHOLAFIN:2026-07-31:001:UP:093000,DIR:CHOLAFIN:2026-07-31:001:UP:093000:DIRECTIONAL_REACCELERATION_CONFIRMED:095100,DIRECTIONAL_REACCELERATION_CONFIRMED,PERMIT,CHOLAFIN
,[],False,"[""ENTRY_TOO_FAR_FROM_EVENT_ANCHOR""]",,211,"[""NO_EVENT_DRIVEN_SETUP_APPROVED""]",SETUP_QUALITY_REJECTED,"[""ORIGINAL_DIRECTION_REESTABLISHED_AFTER_WATCH""]",CONTINUATION,BUY,2026-07-31T10:00:00+05:30,DIR:BHEL:2026-07-31:001:UP:093000,DIR:BHEL:2026-07-31:001:UP:093000:DIRECTIONAL_TREND_RESTORED:100000,DIRECTIONAL_TREND_RESTORED,PERMIT,BHEL
,[],False,"[""EXPECTED_FIRST_MOVE_BELOW_0_5_PERCENT""]",,232,"[""NO_EVENT_DRIVEN_SETUP_APPROVED""]",SETUP_QUALITY_REJECTED,"[""REVERSAL_LEG_SUSTAINED_DIRECTIONAL_PROGRESS"", ""OPPOSITE_DIRECTION_ESTABLISHED_AFTER_REVERSAL""]",REVERSAL,BUY,2026-07-31T10:03:00+05:30,DIR:INDUSTOWER:2026-07-31:002:UP:095700,DIR:INDUSTOWER:2026-07-31:002:UP:095700:DIRECTIONAL_REVERSAL_LEG_ESTABLISHED:100300,DIRECTIONAL_REVERSAL_LEG_ESTABLISHED,PERMIT,INDUSTOWER
WATCH,"[""INSIDE_ACCEPTED_RANGE""]",True,[],CAND:6d4eb3327dea38c8df58b68c,237,"[""EVENT_DRIVEN_SETUP_SELECTED""]",ADVISOR_WATCH_DEFERRED,"[""AUTHORITATIVE_EVENT_ROUTE"", ""STRUCTURAL_PERMISSION_PERMIT"", ""REVERSAL_LEG_SUSTAINED_DIRECTIONAL_PROGRESS"", ""OPPOSITE_DIRECTION_ESTABLISHED_AFTER_REVERSAL"", ""AUTHORITATIVE_DIRECTIONAL_EVENT_GEOMETRY""]",REVERSAL,BUY,2026-07-31T10:03:00+05:30,DIR:TCS:2026-07-31:002:UP:094200,DIR:TCS:2026-07-31:002:UP:094200:DIRECTIONAL_REVERSAL_LEG_ESTABLISHED:100300,DIRECTIONAL_REVERSAL_LEG_ESTABLISHED,PERMIT,TCS
BLOCK,"[""MATURE_NARROW_RANGE_CHURN""]",True,[],CAND:01cf0ee0a1f1000416280da1,284,"[""EVENT_DRIVEN_SETUP_SELECTED""]",ADVISOR_BLOCK,"[""AUTHORITATIVE_EVENT_ROUTE"", ""STRUCTURAL_PERMISSION_PERMIT"", ""MEANINGFUL_CLOSE_OUTSIDE_FROZEN_BALANCE"", ""BALANCE_ESCAPE_ATTEMPT_RECORDED"", ""BALANCE_MEASURED_MOVE_REFERENCE""]",BREAKOUT_INITIATION,SELL,2026-07-31T10:15:00+05:30,BAL:DIVISLAB:2026-07-31:001:NEUTRAL:094200,BAL:DIVISLAB:2026-07-31:001:NEUTRAL:094200:BALANCE_ESCAPE_STARTED:101500,BALANCE_ESCAPE_STARTED,PERMIT,DIVISLAB
,[],False,"[""ENTRY_TOO_FAR_FROM_EVENT_ANCHOR""]",,289,"[""NO_EVENT_DRIVEN_SETUP_APPROVED""]",SETUP_QUALITY_REJECTED,"[""ORIGINAL_DIRECTION_REESTABLISHED_AFTER_WATCH""]",CONTINUATION,SELL,2026-07-31T10:15:00+05:30,DIR:KALYANKJIL:2026-07-31:001:DOWN:094800,DIR:KALYANKJIL:2026-07-31:001:DOWN:094800:DIRECTIONAL_TREND_RESTORED:101500,DIRECTIONAL_TREND_RESTORED,PERMIT,KALYANKJIL
,[],True,[],CAND:e17dada293351fc2489a61b9,298,"[""EVENT_DRIVEN_SETUP_SELECTED""]",MANAGER_SUPPORTING,"[""AUTHORITATIVE_EVENT_ROUTE"", ""STRUCTURAL_PERMISSION_PERMIT"", ""OUTSIDE_ACCEPTANCE_CONFIRMED"", ""BALANCE_MEASURED_MOVE_REFERENCE""]",ACCEPTED_BREAKOUT,SELL,2026-07-31T10:18:00+05:30,BAL:DIVISLAB:2026-07-31:001:NEUTRAL:094200,BAL:DIVISLAB:2026-07-31:001:NEUTRAL:094200:BALANCE_ESCAPE_ACCEPTED:101800,BALANCE_ESCAPE_ACCEPTED,PERMIT,DIVISLAB
ALLOW,"[""ADVISOR_ALLOW""]",True,[],CAND:6644484c352c701feebfdf31,298,"[""EVENT_DRIVEN_SETUP_SELECTED""]",CREATED,"[""AUTHORITATIVE_EVENT_ROUTE"", ""STRUCTURAL_PERMISSION_PERMIT"", ""REVERSAL_LEG_SUSTAINED_DIRECTIONAL_PROGRESS"", ""OPPOSITE_DIRECTION_ESTABLISHED_AFTER_REVERSAL"", ""AUTHORITATIVE_DIRECTIONAL_EVENT_GEOMETRY""]",REVERSAL,SELL,2026-07-31T10:18:00+05:30,DIR:DIVISLAB:2026-07-31:002:DOWN:100600,DIR:DIVISLAB:2026-07-31:002:DOWN:100600:DIRECTIONAL_REVERSAL_LEG_ESTABLISHED:101800,DIRECTIONAL_REVERSAL_LEG_ESTABLISHED,PERMIT,DIVISLAB
,[],False,"[""STRUCTURAL_PERMISSION_BLOCK""]",,320,"[""NO_EVENT_DRIVEN_SETUP_APPROVED""]",STRUCTURAL_PERMISSION_BLOCKED,"[""RECOMPRESSION_COMPLETED"", ""FRESH_DIRECTIONAL_EXPANSION_CONFIRMED""]",REACCELERATION,BUY,2026-07-31T10:21:00+05:30,DIR:POWERINDIA:2026-07-31:003:UP:100300,DIR:POWERINDIA:2026-07-31:003:UP:100300:DIRECTIONAL_REACCELERATION_CONFIRMED:102100,DIRECTIONAL_REACCELERATION_CONFIRMED,BLOCK,POWERINDIA
ALLOW,"[""ADVISOR_ALLOW""]",True,[],CAND:995ee50ff305357125723e26,325,"[""EVENT_DRIVEN_SETUP_SELECTED""]",CREATED,"[""AUTHORITATIVE_EVENT_ROUTE"", ""STRUCTURAL_PERMISSION_PERMIT"", ""REVERSAL_LEG_SUSTAINED_DIRECTIONAL_PROGRESS"", ""OPPOSITE_DIRECTION_ESTABLISHED_AFTER_REVERSAL"", ""AUTHORITATIVE_DIRECTIONAL_EVENT_GEOMETRY""]",REVERSAL,SELL,2026-07-31T10:24:00+05:30,DIR:COFORGE:2026-07-31:002:DOWN:101500,DIR:COFORGE:2026-07-31:002:DOWN:101500:DIRECTIONAL_REVERSAL_LEG_ESTABLISHED:102400,DIRECTIONAL_REVERSAL_LEG_ESTABLISHED,PERMIT,COFORGE
ALLOW,"[""ADVISOR_ALLOW""]",True,[],CAND:c91e30e559c61ae9e4a8e30d,366,"[""EVENT_DRIVEN_SETUP_SELECTED""]",CREATED,"[""AUTHORITATIVE_EVENT_ROUTE"", ""STRUCTURAL_PERMISSION_PERMIT"", ""REVERSAL_LEG_SUSTAINED_DIRECTIONAL_PROGRESS"", ""OPPOSITE_DIRECTION_ESTABLISHED_AFTER_REVERSAL"", ""AUTHORITATIVE_DIRECTIONAL_EVENT_GEOMETRY""]",REVERSAL,SELL,2026-07-31T10:33:00+05:30,DIR:CHOLAFIN:2026-07-31:002:DOWN:102400,DIR:CHOLAFIN:2026-07-31:002:DOWN:102400:DIRECTIONAL_REVERSAL_LEG_ESTABLISHED:103300,DIRECTIONAL_REVERSAL_LEG_ESTABLISHED,PERMIT,CHOLAFIN
,[],False,"[""EXPECTED_FIRST_MOVE_BELOW_0_5_PERCENT""]",,370,"[""NO_EVENT_DRIVEN_SETUP_APPROVED""]",SETUP_QUALITY_REJECTED,"[""MEANINGFUL_CLOSE_OUTSIDE_FROZEN_BALANCE"", ""BALANCE_ESCAPE_ATTEMPT_RECORDED""]",BREAKOUT_INITIATION,BUY,2026-07-31T10:33:00+05:30,BAL:FORCEMOT:2026-07-31:001:NEUTRAL:100000,BAL:FORCEMOT:2026-07-31:001:NEUTRAL:100000:BALANCE_ESCAPE_STARTED:103300,BALANCE_ESCAPE_STARTED,PERMIT,FORCEMOT
ALLOW,"[""ADVISOR_ALLOW""]",True,[],CAND:158ac89230fbe44b1b3cdd63,373,"[""EVENT_DRIVEN_SETUP_SELECTED""]",CREATED,"[""AUTHORITATIVE_EVENT_ROUTE"", ""STRUCTURAL_PERMISSION_PERMIT"", ""REVERSAL_LEG_SUSTAINED_DIRECTIONAL_PROGRESS"", ""OPPOSITE_DIRECTION_ESTABLISHED_AFTER_REVERSAL"", ""AUTHORITATIVE_DIRECTIONAL_EVENT_GEOMETRY""]",REVERSAL,BUY,2026-07-31T10:33:00+05:30,DIR:KALYANKJIL:2026-07-31:002:UP:102400,DIR:KALYANKJIL:2026-07-31:002:UP:102400:DIRECTIONAL_REVERSAL_LEG_ESTABLISHED:103300,DIRECTIONAL_REVERSAL_LEG_ESTABLISHED,PERMIT,KALYANKJIL
,[],False,"[""STRUCTURAL_PERMISSION_BLOCK""]",,379,"[""NO_EVENT_DRIVEN_SETUP_APPROVED""]",STRUCTURAL_PERMISSION_BLOCKED,"[""RECOMPRESSION_COMPLETED"", ""FRESH_DIRECTIONAL_EXPANSION_CONFIRMED""]",REACCELERATION,BUY,2026-07-31T10:36:00+05:30,DIR:BHEL:2026-07-31:003:UP:102400,DIR:BHEL:2026-07-31:003:UP:102400:DIRECTIONAL_REACCELERATION_CONFIRMED:103600,DIRECTIONAL_REACCELERATION_CONFIRMED,BLOCK,BHEL
,[],False,"[""ENTRY_TOO_FAR_FROM_ESCAPE_BOUNDARY""]",,384,"[""NO_EVENT_DRIVEN_SETUP_APPROVED""]",SETUP_QUALITY_REJECTED,"[""OUTSIDE_ACCEPTANCE_CONFIRMED""]",ACCEPTED_BREAKOUT,BUY,2026-07-31T10:36:00+05:30,BAL:FORCEMOT:2026-07-31:001:NEUTRAL:100000,BAL:FORCEMOT:2026-07-31:001:NEUTRAL:100000:BALANCE_ESCAPE_ACCEPTED:103600,BALANCE_ESCAPE_ACCEPTED,PERMIT,FORCEMOT
ALLOW,"[""ADVISOR_ALLOW""]",True,[],CAND:02506b9e9c36e94d0d5e2f0e,391,"[""EVENT_DRIVEN_SETUP_SELECTED""]",CREATED,"[""AUTHORITATIVE_EVENT_ROUTE"", ""STRUCTURAL_PERMISSION_PERMIT"", ""MEANINGFUL_CLOSE_OUTSIDE_FROZEN_BALANCE"", ""BALANCE_ESCAPE_ATTEMPT_RECORDED"", ""BALANCE_MEASURED_MOVE_REFERENCE""]",BREAKOUT_INITIATION,BUY,2026-07-31T10:36:00+05:30,BAL:TCS:2026-07-31:001:NEUTRAL:100600,BAL:TCS:2026-07-31:001:NEUTRAL:100600:BALANCE_ESCAPE_STARTED:103600,BALANCE_ESCAPE_STARTED,PERMIT,TCS
,[],False,"[""EXPECTED_FIRST_MOVE_BELOW_0_5_PERCENT""]",,405,"[""NO_EVENT_DRIVEN_SETUP_APPROVED""]",SETUP_QUALITY_REJECTED,"[""ESCAPE_FAILED_BACK_INSIDE_FROZEN_BALANCE"", ""BALANCE_REARM_REQUIRED_AFTER_FAILED_ESCAPE""]",FAILED_BREAKOUT,SELL,2026-07-31T10:39:00+05:30,BAL:TCS:2026-07-31:001:NEUTRAL:100600,BAL:TCS:2026-07-31:001:NEUTRAL:100600:BALANCE_ESCAPE_FAILED:103900,BALANCE_ESCAPE_FAILED,PERMIT,TCS
ALLOW,"[""ADVISOR_ALLOW""]",True,[],CAND:32b3a707960484f98d8399a7,496,"[""EVENT_DRIVEN_SETUP_SELECTED""]",CREATED,"[""AUTHORITATIVE_EVENT_ROUTE"", ""STRUCTURAL_PERMISSION_PERMIT"", ""REVERSAL_LEG_SUSTAINED_DIRECTIONAL_PROGRESS"", ""OPPOSITE_DIRECTION_ESTABLISHED_AFTER_REVERSAL"", ""AUTHORITATIVE_DIRECTIONAL_EVENT_GEOMETRY""]",REVERSAL,BUY,2026-07-31T11:00:00+05:30,DIR:FORCEMOT:2026-07-31:002:UP:105400,DIR:FORCEMOT:2026-07-31:002:UP:105400:DIRECTIONAL_REVERSAL_LEG_ESTABLISHED:110000,DIRECTIONAL_REVERSAL_LEG_ESTABLISHED,PERMIT,FORCEMOT
,[],False,"[""ENTRY_TOO_FAR_FROM_ESCAPE_BOUNDARY""]",,505,"[""NO_EVENT_DRIVEN_SETUP_APPROVED""]",SETUP_QUALITY_REJECTED,"[""MEANINGFUL_CLOSE_OUTSIDE_FROZEN_BALANCE"", ""BALANCE_ESCAPE_ATTEMPT_RECORDED""]",BREAKOUT_INITIATION,SELL,2026-07-31T11:03:00+05:30,BAL:BHEL:2026-07-31:001:NEUTRAL:101500,BAL:BHEL:2026-07-31:001:NEUTRAL:101500:BALANCE_ESCAPE_STARTED:110300,BALANCE_ESCAPE_STARTED,PERMIT,BHEL
ALLOW,"[""ADVISOR_ALLOW""]",True,[],CAND:dcb490f7068f3aeab3ab074f,518,"[""EVENT_DRIVEN_SETUP_SELECTED""]",CREATED,"[""AUTHORITATIVE_EVENT_ROUTE"", ""STRUCTURAL_PERMISSION_PERMIT"", ""REVERSAL_LEG_SUSTAINED_DIRECTIONAL_PROGRESS"", ""OPPOSITE_DIRECTION_ESTABLISHED_AFTER_REVERSAL"", ""AUTHORITATIVE_DIRECTIONAL_EVENT_GEOMETRY""]",REVERSAL,BUY,2026-07-31T11:03:00+05:30,DIR:TORNTPHARM:2026-07-31:002:UP:105700,DIR:TORNTPHARM:2026-07-31:002:UP:105700:DIRECTIONAL_REVERSAL_LEG_ESTABLISHED:110300,DIRECTIONAL_REVERSAL_LEG_ESTABLISHED,PERMIT,TORNTPHARM
,[],False,"[""ENTRY_TOO_FAR_FROM_ESCAPE_BOUNDARY""]",,519,"[""NO_EVENT_DRIVEN_SETUP_APPROVED""]",SETUP_QUALITY_REJECTED,"[""OUTSIDE_ACCEPTANCE_CONFIRMED""]",ACCEPTED_BREAKOUT,SELL,2026-07-31T11:06:00+05:30,BAL:BHEL:2026-07-31:001:NEUTRAL:101500,BAL:BHEL:2026-07-31:001:NEUTRAL:101500:BALANCE_ESCAPE_ACCEPTED:110600,BALANCE_ESCAPE_ACCEPTED,PERMIT,BHEL
ALLOW,"[""ADVISOR_ALLOW""]",True,[],CAND:6e00ceac84968df1df4d7495,529,"[""EVENT_DRIVEN_SETUP_SELECTED""]",CREATED,"[""AUTHORITATIVE_EVENT_ROUTE"", ""STRUCTURAL_PERMISSION_PERMIT"", ""MEANINGFUL_CLOSE_OUTSIDE_FROZEN_BALANCE"", ""BALANCE_ESCAPE_ATTEMPT_RECORDED"", ""BALANCE_MEASURED_MOVE_REFERENCE""]",BREAKOUT_INITIATION,BUY,2026-07-31T11:06:00+05:30,BAL:PERSISTENT:2026-07-31:002:NEUTRAL:103600,BAL:PERSISTENT:2026-07-31:002:NEUTRAL:103600:BALANCE_ESCAPE_STARTED:110600,BALANCE_ESCAPE_STARTED,PERMIT,PERSISTENT
,[],False,"[""ENTRY_TOO_FAR_FROM_ESCAPE_BOUNDARY""]",,543,"[""NO_EVENT_DRIVEN_SETUP_APPROVED""]",SETUP_QUALITY_REJECTED,"[""OUTSIDE_ACCEPTANCE_CONFIRMED""]",ACCEPTED_BREAKOUT,BUY,2026-07-31T11:09:00+05:30,BAL:PERSISTENT:2026-07-31:002:NEUTRAL:103600,BAL:PERSISTENT:2026-07-31:002:NEUTRAL:103600:BALANCE_ESCAPE_ACCEPTED:110900,BALANCE_ESCAPE_ACCEPTED,PERMIT,PERSISTENT
,[],False,"[""STRUCTURAL_PERMISSION_BLOCK""]",,597,"[""NO_EVENT_DRIVEN_SETUP_APPROVED""]",STRUCTURAL_PERMISSION_BLOCKED,"[""REVERSAL_LEG_SUSTAINED_DIRECTIONAL_PROGRESS"", ""OPPOSITE_DIRECTION_ESTABLISHED_AFTER_REVERSAL""]",REVERSAL,BUY,2026-07-31T11:21:00+05:30,DIR:KALYANKJIL:2026-07-31:006:UP:111500,DIR:KALYANKJIL:2026-07-31:006:UP:111500:DIRECTIONAL_REVERSAL_LEG_ESTABLISHED:112100,DIRECTIONAL_REVERSAL_LEG_ESTABLISHED,BLOCK,KALYANKJIL
ALLOW,"[""ADVISOR_ALLOW""]",True,[],CAND:7316c4a2330c742a8803fe6c,598,"[""EVENT_DRIVEN_SETUP_SELECTED""]",CREATED,"[""AUTHORITATIVE_EVENT_ROUTE"", ""STRUCTURAL_PERMISSION_PERMIT"", ""REVERSAL_LEG_SUSTAINED_DIRECTIONAL_PROGRESS"", ""OPPOSITE_DIRECTION_ESTABLISHED_AFTER_REVERSAL"", ""AUTHORITATIVE_DIRECTIONAL_EVENT_GEOMETRY""]",REVERSAL,BUY,2026-07-31T11:21:00+05:30,DIR:MANAPPURAM:2026-07-31:006:UP:111200,DIR:MANAPPURAM:2026-07-31:006:UP:111200:DIRECTIONAL_REVERSAL_LEG_ESTABLISHED:112100,DIRECTIONAL_REVERSAL_LEG_ESTABLISHED,PERMIT,MANAPPURAM
ALLOW,"[""ADVISOR_ALLOW""]",True,[],CAND:4a3872010c190995b2d63ff8,625,"[""EVENT_DRIVEN_SETUP_SELECTED""]",CREATED,"[""AUTHORITATIVE_EVENT_ROUTE"", ""STRUCTURAL_PERMISSION_PERMIT"", ""MEANINGFUL_CLOSE_OUTSIDE_FROZEN_BALANCE"", ""BALANCE_ESCAPE_ATTEMPT_RECORDED"", ""BALANCE_MEASURED_MOVE_REFERENCE""]",BREAKOUT_INITIATION,BUY,2026-07-31T11:27:00+05:30,BAL:KALYANKJIL:2026-07-31:002:NEUTRAL:105100,BAL:KALYANKJIL:2026-07-31:002:NEUTRAL:105100:BALANCE_ESCAPE_STARTED:112700,BALANCE_ESCAPE_STARTED,PERMIT,KALYANKJIL
,[],False,"[""ENTRY_TOO_FAR_FROM_ESCAPE_BOUNDARY""]",,628,"[""NO_EVENT_DRIVEN_SETUP_APPROVED""]",SETUP_QUALITY_REJECTED,"[""MEANINGFUL_CLOSE_OUTSIDE_FROZEN_BALANCE"", ""BALANCE_ESCAPE_ATTEMPT_RECORDED""]",BREAKOUT_INITIATION,SELL,2026-07-31T11:27:00+05:30,BAL:POWERINDIA:2026-07-31:001:NEUTRAL:095100,BAL:POWERINDIA:2026-07-31:001:NEUTRAL:095100:BALANCE_ESCAPE_STARTED:112700,BALANCE_ESCAPE_STARTED,PERMIT,POWERINDIA
,[],False,"[""ENTRY_TOO_FAR_FROM_ESCAPE_BOUNDARY""]",,639,"[""NO_EVENT_DRIVEN_SETUP_APPROVED""]",SETUP_QUALITY_REJECTED,"[""OUTSIDE_ACCEPTANCE_CONFIRMED""]",ACCEPTED_BREAKOUT,BUY,2026-07-31T11:30:00+05:30,BAL:KALYANKJIL:2026-07-31:002:NEUTRAL:105100,BAL:KALYANKJIL:2026-07-31:002:NEUTRAL:105100:BALANCE_ESCAPE_ACCEPTED:113000,BALANCE_ESCAPE_ACCEPTED,PERMIT,KALYANKJIL
ALLOW,"[""ADVISOR_ALLOW""]",True,[],CAND:dc1ab160fa1ee75a10189da6,642,"[""EVENT_DRIVEN_SETUP_SELECTED""]",CREATED,"[""AUTHORITATIVE_EVENT_ROUTE"", ""STRUCTURAL_PERMISSION_PERMIT"", ""ESCAPE_FAILED_BACK_INSIDE_FROZEN_BALANCE"", ""BALANCE_REARM_REQUIRED_AFTER_FAILED_ESCAPE"", ""FAILED_ESCAPE_TO_OPPOSITE_RANGE_EDGE""]",FAILED_BREAKOUT,BUY,2026-07-31T11:30:00+05:30,BAL:POWERINDIA:2026-07-31:001:NEUTRAL:095100,BAL:POWERINDIA:2026-07-31:001:NEUTRAL:095100:BALANCE_ESCAPE_FAILED:113000,BALANCE_ESCAPE_FAILED,PERMIT,POWERINDIA
,[],False,"[""ENTRY_TOO_FAR_FROM_EVENT_ANCHOR""]",,672,"[""NO_EVENT_DRIVEN_SETUP_APPROVED""]",SETUP_QUALITY_REJECTED,"[""ORIGINAL_DIRECTION_REESTABLISHED_AFTER_WATCH""]",CONTINUATION,BUY,2026-07-31T11:36:00+05:30,DIR:TORNTPHARM:2026-07-31:002:UP:105700,DIR:TORNTPHARM:2026-07-31:002:UP:105700:DIRECTIONAL_TREND_RESTORED:113600,DIRECTIONAL_TREND_RESTORED,PERMIT,TORNTPHARM
,[],False,"[""ENTRY_TOO_FAR_FROM_EVENT_ANCHOR""]",,716,"[""NO_EVENT_DRIVEN_SETUP_APPROVED""]",SETUP_QUALITY_REJECTED,"[""ORIGINAL_DIRECTION_REESTABLISHED_AFTER_WATCH""]",CONTINUATION,BUY,2026-07-31T11:48:00+05:30,DIR:CHOLAFIN:2026-07-31:003:UP:104500,DIR:CHOLAFIN:2026-07-31:003:UP:104500:DIRECTIONAL_TREND_RESTORED:114800,DIRECTIONAL_TREND_RESTORED,PERMIT,CHOLAFIN
BLOCK,"[""SAME_DIRECTION_EXHAUSTION""]",True,[],CAND:ad2f5f54a1a53f743b5f7785,722,"[""EVENT_DRIVEN_SETUP_SELECTED""]",ADVISOR_BLOCK,"[""AUTHORITATIVE_EVENT_ROUTE"", ""STRUCTURAL_PERMISSION_PERMIT"", ""MEANINGFUL_CLOSE_OUTSIDE_FROZEN_BALANCE"", ""BALANCE_ESCAPE_ATTEMPT_RECORDED"", ""BALANCE_MEASURED_MOVE_REFERENCE""]",BREAKOUT_INITIATION,BUY,2026-07-31T11:48:00+05:30,BAL:INDUSTOWER:2026-07-31:001:NEUTRAL:110900,BAL:INDUSTOWER:2026-07-31:001:NEUTRAL:110900:BALANCE_ESCAPE_STARTED:114800,BALANCE_ESCAPE_STARTED,PERMIT,INDUSTOWER
,[],False,"[""ENTRY_TOO_FAR_FROM_EVENT_ANCHOR""]",,725,"[""NO_EVENT_DRIVEN_SETUP_APPROVED""]",SETUP_QUALITY_REJECTED,"[""ORIGINAL_DIRECTION_REESTABLISHED_AFTER_WATCH""]",CONTINUATION,BUY,2026-07-31T11:48:00+05:30,DIR:PERSISTENT:2026-07-31:003:UP:112100,DIR:PERSISTENT:2026-07-31:003:UP:112100:DIRECTIONAL_TREND_RESTORED:114800,DIRECTIONAL_TREND_RESTORED,PERMIT,PERSISTENT
,[],False,"[""ENTRY_TOO_FAR_FROM_EVENT_ANCHOR""]",,728,"[""NO_EVENT_DRIVEN_SETUP_APPROVED""]",SETUP_QUALITY_REJECTED,"[""ORIGINAL_DIRECTION_REESTABLISHED_AFTER_WATCH""]",CONTINUATION,BUY,2026-07-31T11:48:00+05:30,DIR:TORNTPHARM:2026-07-31:002:UP:105700,DIR:TORNTPHARM:2026-07-31:002:UP:105700:DIRECTIONAL_TREND_RESTORED:114800,DIRECTIONAL_TREND_RESTORED,PERMIT,TORNTPHARM
ALLOW,"[""ADVISOR_ALLOW""]",True,[],CAND:296c26607039b07e87c6f497,750,"[""EVENT_DRIVEN_SETUP_SELECTED""]",CREATED,"[""AUTHORITATIVE_EVENT_ROUTE"", ""STRUCTURAL_PERMISSION_PERMIT"", ""ESCAPE_FAILED_BACK_INSIDE_FROZEN_BALANCE"", ""BALANCE_REARM_REQUIRED_AFTER_FAILED_ESCAPE"", ""FAILED_ESCAPE_TO_OPPOSITE_RANGE_EDGE""]",FAILED_BREAKOUT,SELL,2026-07-31T11:54:00+05:30,BAL:INDUSTOWER:2026-07-31:001:NEUTRAL:110900,BAL:INDUSTOWER:2026-07-31:001:NEUTRAL:110900:BALANCE_ESCAPE_FAILED:115400,BALANCE_ESCAPE_FAILED,PERMIT,INDUSTOWER
,[],False,"[""EXPECTED_FIRST_MOVE_BELOW_0_5_PERCENT""]",,771,"[""NO_EVENT_DRIVEN_SETUP_APPROVED""]",SETUP_QUALITY_REJECTED,"[""REVERSAL_LEG_SUSTAINED_DIRECTIONAL_PROGRESS"", ""OPPOSITE_DIRECTION_ESTABLISHED_AFTER_REVERSAL""]",REVERSAL,BUY,2026-07-31T12:00:00+05:30,DIR:BHEL:2026-07-31:005:UP:113300,DIR:BHEL:2026-07-31:005:UP:113300:DIRECTIONAL_REVERSAL_LEG_ESTABLISHED:120000,DIRECTIONAL_REVERSAL_LEG_ESTABLISHED,PERMIT,BHEL
,[],False,"[""ENTRY_TOO_FAR_FROM_EVENT_ANCHOR""]",,772,"[""NO_EVENT_DRIVEN_SETUP_APPROVED""]",SETUP_QUALITY_REJECTED,"[""ORIGINAL_DIRECTION_REESTABLISHED_AFTER_WATCH""]",CONTINUATION,BUY,2026-07-31T12:00:00+05:30,DIR:CHOLAFIN:2026-07-31:003:UP:104500,DIR:CHOLAFIN:2026-07-31:003:UP:104500:DIRECTIONAL_TREND_RESTORED:120000,DIRECTIONAL_TREND_RESTORED,PERMIT,CHOLAFIN
,[],False,"[""ENTRY_TOO_FAR_FROM_ESCAPE_BOUNDARY""]",,813,"[""NO_EVENT_DRIVEN_SETUP_APPROVED""]",SETUP_QUALITY_REJECTED,"[""MEANINGFUL_CLOSE_OUTSIDE_FROZEN_BALANCE"", ""BALANCE_ESCAPE_ATTEMPT_RECORDED""]",BREAKOUT_INITIATION,BUY,2026-07-31T12:09:00+05:30,BAL:BHEL:2026-07-31:002:NEUTRAL:114200,BAL:BHEL:2026-07-31:002:NEUTRAL:114200:BALANCE_ESCAPE_STARTED:120900,BALANCE_ESCAPE_STARTED,PERMIT,BHEL
,[],False,"[""EXPECTED_FIRST_MOVE_BELOW_0_5_PERCENT""]",,818,"[""NO_EVENT_DRIVEN_SETUP_APPROVED""]",SETUP_QUALITY_REJECTED,"[""MEANINGFUL_CLOSE_OUTSIDE_FROZEN_BALANCE"", ""BALANCE_ESCAPE_ATTEMPT_RECORDED""]",BREAKOUT_INITIATION,BUY,2026-07-31T12:09:00+05:30,BAL:FORCEMOT:2026-07-31:002:NEUTRAL:114500,BAL:FORCEMOT:2026-07-31:002:NEUTRAL:114500:BALANCE_ESCAPE_STARTED:120900,BALANCE_ESCAPE_STARTED,PERMIT,FORCEMOT
,[],False,"[""ENTRY_TOO_FAR_FROM_ESCAPE_BOUNDARY""]",,827,"[""NO_EVENT_DRIVEN_SETUP_APPROVED""]",SETUP_QUALITY_REJECTED,"[""OUTSIDE_ACCEPTANCE_CONFIRMED""]",ACCEPTED_BREAKOUT,BUY,2026-07-31T12:12:00+05:30,BAL:BHEL:2026-07-31:002:NEUTRAL:114200,BAL:BHEL:2026-07-31:002:NEUTRAL:114200:BALANCE_ESCAPE_ACCEPTED:121200,BALANCE_ESCAPE_ACCEPTED,PERMIT,BHEL
,[],False,"[""EXPECTED_FIRST_MOVE_BELOW_0_5_PERCENT""]",,832,"[""NO_EVENT_DRIVEN_SETUP_APPROVED""]",SETUP_QUALITY_REJECTED,"[""ESCAPE_FAILED_BACK_INSIDE_FROZEN_BALANCE"", ""BALANCE_REARM_REQUIRED_AFTER_FAILED_ESCAPE""]",FAILED_BREAKOUT,SELL,2026-07-31T12:12:00+05:30,BAL:FORCEMOT:2026-07-31:002:NEUTRAL:114500,BAL:FORCEMOT:2026-07-31:002:NEUTRAL:114500:BALANCE_ESCAPE_FAILED:121200,BALANCE_ESCAPE_FAILED,PERMIT,FORCEMOT
,[],False,"[""ENTRY_TOO_FAR_FROM_EVENT_ANCHOR""]",,865,"[""NO_EVENT_DRIVEN_SETUP_APPROVED""]",SETUP_QUALITY_REJECTED,"[""ORIGINAL_DIRECTION_REESTABLISHED_AFTER_WATCH""]",CONTINUATION,BUY,2026-07-31T12:18:00+05:30,DIR:PERSISTENT:2026-07-31:003:UP:112100,DIR:PERSISTENT:2026-07-31:003:UP:112100:DIRECTIONAL_TREND_RESTORED:121800,DIRECTIONAL_TREND_RESTORED,PERMIT,PERSISTENT
,[],False,"[""ENTRY_TOO_FAR_FROM_EVENT_ANCHOR""]",,870,"[""NO_EVENT_DRIVEN_SETUP_APPROVED""]",SETUP_QUALITY_REJECTED,"[""ORIGINAL_DIRECTION_REESTABLISHED_AFTER_WATCH""]",CONTINUATION,BUY,2026-07-31T12:21:00+05:30,DIR:CHOLAFIN:2026-07-31:003:UP:104500,DIR:CHOLAFIN:2026-07-31:003:UP:104500:DIRECTIONAL_TREND_RESTORED:122100,DIRECTIONAL_TREND_RESTORED,PERMIT,CHOLAFIN
,[],False,"[""ENTRY_TOO_FAR_FROM_EVENT_ANCHOR""]",,919,"[""NO_EVENT_DRIVEN_SETUP_APPROVED""]",SETUP_QUALITY_REJECTED,"[""REVERSAL_LEG_SUSTAINED_DIRECTIONAL_PROGRESS"", ""OPPOSITE_DIRECTION_ESTABLISHED_AFTER_REVERSAL""]",REVERSAL,SELL,2026-07-31T12:30:00+05:30,DIR:KALYANKJIL:2026-07-31:008:DOWN:122400,DIR:KALYANKJIL:2026-07-31:008:DOWN:122400:DIRECTIONAL_REVERSAL_LEG_ESTABLISHED:123000,DIRECTIONAL_REVERSAL_LEG_ESTABLISHED,PERMIT,KALYANKJIL
,[],False,"[""ENTRY_TOO_FAR_FROM_EVENT_ANCHOR""]",,935,"[""NO_EVENT_DRIVEN_SETUP_APPROVED""]",SETUP_QUALITY_REJECTED,"[""ORIGINAL_DIRECTION_REESTABLISHED_AFTER_WATCH""]",CONTINUATION,BUY,2026-07-31T12:33:00+05:30,DIR:PERSISTENT:2026-07-31:003:UP:112100,DIR:PERSISTENT:2026-07-31:003:UP:112100:DIRECTIONAL_TREND_RESTORED:123300,DIRECTIONAL_TREND_RESTORED,PERMIT,PERSISTENT
BLOCK,"[""SAME_DIRECTION_EXHAUSTION""]",True,[],CAND:7d13b79c356038229e662803,964,"[""EVENT_DRIVEN_SETUP_SELECTED""]",ADVISOR_BLOCK,"[""AUTHORITATIVE_EVENT_ROUTE"", ""STRUCTURAL_PERMISSION_PERMIT"", ""MEANINGFUL_CLOSE_OUTSIDE_FROZEN_BALANCE"", ""BALANCE_ESCAPE_ATTEMPT_RECORDED"", ""BALANCE_MEASURED_MOVE_REFERENCE""]",BREAKOUT_INITIATION,SELL,2026-07-31T12:39:00+05:30,BAL:POWERINDIA:2026-07-31:001:NEUTRAL:095100,BAL:POWERINDIA:2026-07-31:001:NEUTRAL:095100:BALANCE_ESCAPE_STARTED:123900,BALANCE_ESCAPE_STARTED,PERMIT,POWERINDIA
BLOCK,"[""SAME_DIRECTION_EXHAUSTION""]",True,[],CAND:20d58dac59b67b5e84072cc3,978,"[""EVENT_DRIVEN_SETUP_SELECTED""]",ADVISOR_BLOCK,"[""AUTHORITATIVE_EVENT_ROUTE"", ""STRUCTURAL_PERMISSION_PERMIT"", ""OUTSIDE_ACCEPTANCE_CONFIRMED"", ""BALANCE_MEASURED_MOVE_REFERENCE""]",ACCEPTED_BREAKOUT,SELL,2026-07-31T12:42:00+05:30,BAL:POWERINDIA:2026-07-31:001:NEUTRAL:095100,BAL:POWERINDIA:2026-07-31:001:NEUTRAL:095100:BALANCE_ESCAPE_ACCEPTED:124200,BALANCE_ESCAPE_ACCEPTED,PERMIT,POWERINDIA
,[],False,"[""ENTRY_TOO_FAR_FROM_EVENT_ANCHOR""]",,978,"[""EVENT_DRIVEN_SETUP_SELECTED""]",SETUP_QUALITY_REJECTED,"[""REVERSAL_WATCH_EXPIRED_WITHOUT_CONFIRMATION""]",CONTINUATION,BUY,2026-07-31T12:42:00+05:30,DIR:POWERINDIA:2026-07-31:003:UP:100300,DIR:POWERINDIA:2026-07-31:003:UP:100300:DIRECTIONAL_TREND_RESTORED:124200,DIRECTIONAL_TREND_RESTORED,PERMIT,POWERINDIA
,[],False,"[""EXPECTED_FIRST_MOVE_BELOW_0_5_PERCENT""]",,980,"[""NO_EVENT_DRIVEN_SETUP_APPROVED""]",SETUP_QUALITY_REJECTED,"[""REVERSAL_LEG_SUSTAINED_DIRECTIONAL_PROGRESS"", ""OPPOSITE_DIRECTION_ESTABLISHED_AFTER_REVERSAL""]",REVERSAL,SELL,2026-07-31T12:42:00+05:30,DIR:TORNTPHARM:2026-07-31:005:DOWN:123000,DIR:TORNTPHARM:2026-07-31:005:DOWN:123000:DIRECTIONAL_REVERSAL_LEG_ESTABLISHED:124200,DIRECTIONAL_REVERSAL_LEG_ESTABLISHED,PERMIT,TORNTPHARM
,[],False,"[""EXPECTED_FIRST_MOVE_BELOW_0_5_PERCENT""]",,1012,"[""NO_EVENT_DRIVEN_SETUP_APPROVED""]",SETUP_QUALITY_REJECTED,"[""RECOMPRESSION_COMPLETED"", ""FRESH_DIRECTIONAL_EXPANSION_CONFIRMED""]",REACCELERATION,BUY,2026-07-31T12:51:00+05:30,DIR:DIVISLAB:2026-07-31:005:UP:124500,DIR:DIVISLAB:2026-07-31:005:UP:124500:DIRECTIONAL_REACCELERATION_CONFIRMED:125100,DIRECTIONAL_REACCELERATION_CONFIRMED,PERMIT,DIVISLAB
BLOCK,"[""SAME_DIRECTION_EXHAUSTION"", ""MATURE_NARROW_RANGE_CHURN""]",True,[],CAND:2758e9237c15f26cfce5e84f,1113,"[""EVENT_DRIVEN_SETUP_SELECTED""]",ADVISOR_BLOCK,"[""AUTHORITATIVE_EVENT_ROUTE"", ""STRUCTURAL_PERMISSION_PERMIT"", ""MEANINGFUL_CLOSE_OUTSIDE_FROZEN_BALANCE"", ""BALANCE_ESCAPE_ATTEMPT_RECORDED"", ""BALANCE_MEASURED_MOVE_REFERENCE""]",BREAKOUT_INITIATION,SELL,2026-07-31T13:12:00+05:30,BAL:GLENMARK:2026-07-31:001:NEUTRAL:101200,BAL:GLENMARK:2026-07-31:001:NEUTRAL:101200:BALANCE_ESCAPE_STARTED:131200,BALANCE_ESCAPE_STARTED,PERMIT,GLENMARK
ALLOW,"[""ADVISOR_ALLOW""]",True,[],CAND:ccb8d7c9ac57fbb14f47bb87,1127,"[""EVENT_DRIVEN_SETUP_SELECTED""]",CREATED,"[""AUTHORITATIVE_EVENT_ROUTE"", ""STRUCTURAL_PERMISSION_PERMIT"", ""ESCAPE_FAILED_BACK_INSIDE_FROZEN_BALANCE"", ""BALANCE_REARM_REQUIRED_AFTER_FAILED_ESCAPE"", ""FAILED_ESCAPE_TO_OPPOSITE_RANGE_EDGE""]",FAILED_BREAKOUT,BUY,2026-07-31T13:15:00+05:30,BAL:GLENMARK:2026-07-31:001:NEUTRAL:101200,BAL:GLENMARK:2026-07-31:001:NEUTRAL:101200:BALANCE_ESCAPE_FAILED:131500,BALANCE_ESCAPE_FAILED,PERMIT,GLENMARK
ALLOW,"[""ADVISOR_ALLOW""]",True,[],CAND:0d32e3ad08ef9cc69fd0369f,1151,"[""EVENT_DRIVEN_SETUP_SELECTED""]",CREATED_AFTER_REPLACEMENT,"[""AUTHORITATIVE_EVENT_ROUTE"", ""STRUCTURAL_PERMISSION_PERMIT"", ""MEANINGFUL_CLOSE_OUTSIDE_FROZEN_BALANCE"", ""BALANCE_ESCAPE_ATTEMPT_RECORDED"", ""BALANCE_MEASURED_MOVE_REFERENCE""]",BREAKOUT_INITIATION,SELL,2026-07-31T13:21:00+05:30,BAL:COFORGE:2026-07-31:003:NEUTRAL:105700,BAL:COFORGE:2026-07-31:003:NEUTRAL:105700:BALANCE_ESCAPE_STARTED:132100,BALANCE_ESCAPE_STARTED,PERMIT,COFORGE
,[],False,"[""ENTRY_TOO_FAR_FROM_ESCAPE_BOUNDARY""]",,1165,"[""NO_EVENT_DRIVEN_SETUP_APPROVED""]",SETUP_QUALITY_REJECTED,"[""OUTSIDE_ACCEPTANCE_CONFIRMED""]",ACCEPTED_BREAKOUT,SELL,2026-07-31T13:24:00+05:30,BAL:COFORGE:2026-07-31:003:NEUTRAL:105700,BAL:COFORGE:2026-07-31:003:NEUTRAL:105700:BALANCE_ESCAPE_ACCEPTED:132400,BALANCE_ESCAPE_ACCEPTED,PERMIT,COFORGE
,[],False,"[""EXPECTED_FIRST_MOVE_BELOW_0_5_PERCENT""]",,1229,"[""NO_EVENT_DRIVEN_SETUP_APPROVED""]",SETUP_QUALITY_REJECTED,"[""REVERSAL_LEG_SUSTAINED_DIRECTIONAL_PROGRESS"", ""OPPOSITE_DIRECTION_ESTABLISHED_AFTER_REVERSAL""]",REVERSAL,SELL,2026-07-31T13:36:00+05:30,DIR:PERSISTENT:2026-07-31:004:DOWN:132400,DIR:PERSISTENT:2026-07-31:004:DOWN:132400:DIRECTIONAL_REVERSAL_LEG_ESTABLISHED:133600,DIRECTIONAL_REVERSAL_LEG_ESTABLISHED,PERMIT,PERSISTENT
,[],False,"[""EXPECTED_FIRST_MOVE_BELOW_0_5_PERCENT""]",,1230,"[""NO_EVENT_DRIVEN_SETUP_APPROVED""]",SETUP_QUALITY_REJECTED,"[""MEANINGFUL_CLOSE_OUTSIDE_FROZEN_BALANCE"", ""BALANCE_ESCAPE_ATTEMPT_RECORDED""]",BREAKOUT_INITIATION,SELL,2026-07-31T13:36:00+05:30,BAL:POWERINDIA:2026-07-31:002:NEUTRAL:124800,BAL:POWERINDIA:2026-07-31:002:NEUTRAL:124800:BALANCE_ESCAPE_STARTED:133600,BALANCE_ESCAPE_STARTED,PERMIT,POWERINDIA
,[],False,"[""EXPECTED_FIRST_MOVE_BELOW_0_5_PERCENT""]",,1247,"[""NO_EVENT_DRIVEN_SETUP_APPROVED""]",SETUP_QUALITY_REJECTED,"[""REVERSAL_LEG_SUSTAINED_DIRECTIONAL_PROGRESS"", ""OPPOSITE_DIRECTION_ESTABLISHED_AFTER_REVERSAL""]",REVERSAL,SELL,2026-07-31T13:42:00+05:30,DIR:BHEL:2026-07-31:009:DOWN:133000,DIR:BHEL:2026-07-31:009:DOWN:133000:DIRECTIONAL_REVERSAL_LEG_ESTABLISHED:134200,DIRECTIONAL_REVERSAL_LEG_ESTABLISHED,PERMIT,BHEL
,[],False,"[""EXPECTED_FIRST_MOVE_BELOW_0_5_PERCENT""]",,1248,"[""NO_EVENT_DRIVEN_SETUP_APPROVED""]",SETUP_QUALITY_REJECTED,"[""REVERSAL_LEG_SUSTAINED_DIRECTIONAL_PROGRESS"", ""OPPOSITE_DIRECTION_ESTABLISHED_AFTER_REVERSAL""]",REVERSAL,SELL,2026-07-31T13:42:00+05:30,DIR:CHOLAFIN:2026-07-31:006:DOWN:132700,DIR:CHOLAFIN:2026-07-31:006:DOWN:132700:DIRECTIONAL_REVERSAL_LEG_ESTABLISHED:134200,DIRECTIONAL_REVERSAL_LEG_ESTABLISHED,PERMIT,CHOLAFIN
,[],False,"[""EXPECTED_FIRST_MOVE_BELOW_0_5_PERCENT""]",,1258,"[""NO_EVENT_DRIVEN_SETUP_APPROVED""]",SETUP_QUALITY_REJECTED,"[""ESCAPE_FAILED_BACK_INSIDE_FROZEN_BALANCE"", ""BALANCE_REARM_REQUIRED_AFTER_FAILED_ESCAPE""]",FAILED_BREAKOUT,BUY,2026-07-31T13:42:00+05:30,BAL:POWERINDIA:2026-07-31:002:NEUTRAL:124800,BAL:POWERINDIA:2026-07-31:002:NEUTRAL:124800:BALANCE_ESCAPE_FAILED:134200,BALANCE_ESCAPE_FAILED,PERMIT,POWERINDIA
,[],False,"[""ENTRY_TOO_FAR_FROM_ESCAPE_BOUNDARY""]",,1281,"[""NO_EVENT_DRIVEN_SETUP_APPROVED""]",SETUP_QUALITY_REJECTED,"[""MEANINGFUL_CLOSE_OUTSIDE_FROZEN_BALANCE"", ""BALANCE_ESCAPE_ATTEMPT_RECORDED""]",BREAKOUT_INITIATION,SELL,2026-07-31T13:48:00+05:30,BAL:GLENMARK:2026-07-31:001:NEUTRAL:101200,BAL:GLENMARK:2026-07-31:001:NEUTRAL:101200:BALANCE_ESCAPE_STARTED:134800,BALANCE_ESCAPE_STARTED,PERMIT,GLENMARK
BLOCK,"[""MATURE_NARROW_RANGE_CHURN""]",True,[],CAND:b28d4cd9ca3eeee37f3ca753,1295,"[""EVENT_DRIVEN_SETUP_SELECTED""]",ADVISOR_BLOCK,"[""AUTHORITATIVE_EVENT_ROUTE"", ""STRUCTURAL_PERMISSION_PERMIT"", ""OUTSIDE_ACCEPTANCE_CONFIRMED"", ""BALANCE_MEASURED_MOVE_REFERENCE""]",ACCEPTED_BREAKOUT,SELL,2026-07-31T13:51:00+05:30,BAL:GLENMARK:2026-07-31:001:NEUTRAL:101200,BAL:GLENMARK:2026-07-31:001:NEUTRAL:101200:BALANCE_ESCAPE_ACCEPTED:135100,BALANCE_ESCAPE_ACCEPTED,PERMIT,GLENMARK
,[],False,"[""ENTRY_TOO_FAR_FROM_EVENT_ANCHOR""]",,1400,"[""NO_EVENT_DRIVEN_SETUP_APPROVED""]",SETUP_QUALITY_REJECTED,"[""REVERSAL_WATCH_EXPIRED_WITHOUT_CONFIRMATION""]",CONTINUATION,SELL,2026-07-31T14:12:00+05:30,DIR:TORNTPHARM:2026-07-31:006:DOWN:130300,DIR:TORNTPHARM:2026-07-31:006:DOWN:130300:DIRECTIONAL_TREND_RESTORED:141200,DIRECTIONAL_TREND_RESTORED,PERMIT,TORNTPHARM
,[],False,"[""EXPECTED_FIRST_MOVE_BELOW_0_5_PERCENT""]",,1459,"[""NO_EVENT_DRIVEN_SETUP_APPROVED""]",SETUP_QUALITY_REJECTED,"[""MEANINGFUL_CLOSE_OUTSIDE_FROZEN_BALANCE"", ""BALANCE_ESCAPE_ATTEMPT_RECORDED""]",BREAKOUT_INITIATION,BUY,2026-07-31T14:27:00+05:30,BAL:COFORGE:2026-07-31:004:NEUTRAL:135400,BAL:COFORGE:2026-07-31:004:NEUTRAL:135400:BALANCE_ESCAPE_STARTED:142700,BALANCE_ESCAPE_STARTED,PERMIT,COFORGE
,[],False,"[""EXPECTED_FIRST_MOVE_BELOW_0_5_PERCENT""]",,1470,"[""NO_EVENT_DRIVEN_SETUP_APPROVED""]",SETUP_QUALITY_REJECTED,"[""REVERSAL_LEG_SUSTAINED_DIRECTIONAL_PROGRESS"", ""OPPOSITE_DIRECTION_ESTABLISHED_AFTER_REVERSAL""]",REVERSAL,BUY,2026-07-31T14:27:00+05:30,DIR:TORNTPHARM:2026-07-31:007:UP:142100,DIR:TORNTPHARM:2026-07-31:007:UP:142100:DIRECTIONAL_REVERSAL_LEG_ESTABLISHED:142700,DIRECTIONAL_REVERSAL_LEG_ESTABLISHED,PERMIT,TORNTPHARM
,[],False,"[""ENTRY_TOO_FAR_FROM_ESCAPE_BOUNDARY""]",,1473,"[""NO_EVENT_DRIVEN_SETUP_APPROVED""]",SETUP_QUALITY_REJECTED,"[""OUTSIDE_ACCEPTANCE_CONFIRMED""]",ACCEPTED_BREAKOUT,BUY,2026-07-31T14:30:00+05:30,BAL:COFORGE:2026-07-31:004:NEUTRAL:135400,BAL:COFORGE:2026-07-31:004:NEUTRAL:135400:BALANCE_ESCAPE_ACCEPTED:143000,BALANCE_ESCAPE_ACCEPTED,PERMIT,COFORGE
,[],False,"[""EXPECTED_FIRST_MOVE_BELOW_0_5_PERCENT""]",,1479,"[""NO_EVENT_DRIVEN_SETUP_APPROVED""]",SETUP_QUALITY_REJECTED,"[""REVERSAL_LEG_SUSTAINED_DIRECTIONAL_PROGRESS"", ""OPPOSITE_DIRECTION_ESTABLISHED_AFTER_REVERSAL""]",REVERSAL,BUY,2026-07-31T14:30:00+05:30,DIR:KALYANKJIL:2026-07-31:013:UP:142400,DIR:KALYANKJIL:2026-07-31:013:UP:142400:DIRECTIONAL_REVERSAL_LEG_ESTABLISHED:143000,DIRECTIONAL_REVERSAL_LEG_ESTABLISHED,PERMIT,KALYANKJIL
,[],False,"[""EXPECTED_FIRST_MOVE_BELOW_0_5_PERCENT""]",,1496,"[""NO_EVENT_DRIVEN_SETUP_APPROVED""]",SETUP_QUALITY_REJECTED,"[""MEANINGFUL_CLOSE_OUTSIDE_FROZEN_BALANCE"", ""BALANCE_ESCAPE_ATTEMPT_RECORDED""]",BREAKOUT_INITIATION,SELL,2026-07-31T14:33:00+05:30,BAL:POWERINDIA:2026-07-31:002:NEUTRAL:124800,BAL:POWERINDIA:2026-07-31:002:NEUTRAL:124800:BALANCE_ESCAPE_STARTED:143300,BALANCE_ESCAPE_STARTED,PERMIT,POWERINDIA
,[],False,"[""ENTRY_TOO_FAR_FROM_ESCAPE_BOUNDARY""]",,1510,"[""NO_EVENT_DRIVEN_SETUP_APPROVED""]",SETUP_QUALITY_REJECTED,"[""OUTSIDE_ACCEPTANCE_CONFIRMED""]",ACCEPTED_BREAKOUT,SELL,2026-07-31T14:36:00+05:30,BAL:POWERINDIA:2026-07-31:002:NEUTRAL:124800,BAL:POWERINDIA:2026-07-31:002:NEUTRAL:124800:BALANCE_ESCAPE_ACCEPTED:143600,BALANCE_ESCAPE_ACCEPTED,PERMIT,POWERINDIA
,[],False,"[""EXPECTED_FIRST_MOVE_BELOW_0_5_PERCENT""]",,1602,"[""NO_EVENT_DRIVEN_SETUP_APPROVED""]",SETUP_QUALITY_REJECTED,"[""MEANINGFUL_CLOSE_OUTSIDE_FROZEN_BALANCE"", ""BALANCE_ESCAPE_ATTEMPT_RECORDED""]",BREAKOUT_INITIATION,SELL,2026-07-31T14:57:00+05:30,BAL:FORCEMOT:2026-07-31:002:NEUTRAL:114500,BAL:FORCEMOT:2026-07-31:002:NEUTRAL:114500:BALANCE_ESCAPE_STARTED:145700,BALANCE_ESCAPE_STARTED,PERMIT,FORCEMOT
,[],False,"[""ENTRY_TOO_FAR_FROM_EVENT_ANCHOR""]",,1605,"[""NO_EVENT_DRIVEN_SETUP_APPROVED""]",SETUP_QUALITY_REJECTED,"[""ORIGINAL_DIRECTION_REESTABLISHED_AFTER_WATCH""]",CONTINUATION,SELL,2026-07-31T14:57:00+05:30,DIR:KALYANKJIL:2026-07-31:014:DOWN:144200,DIR:KALYANKJIL:2026-07-31:014:DOWN:144200:DIRECTIONAL_TREND_RESTORED:145700,DIRECTIONAL_TREND_RESTORED,PERMIT,KALYANKJIL
,[],False,"[""ENTRY_TOO_FAR_FROM_ESCAPE_BOUNDARY""]",,1616,"[""NO_EVENT_DRIVEN_SETUP_APPROVED""]",SETUP_QUALITY_REJECTED,"[""OUTSIDE_ACCEPTANCE_CONFIRMED""]",ACCEPTED_BREAKOUT,SELL,2026-07-31T15:00:00+05:30,BAL:FORCEMOT:2026-07-31:002:NEUTRAL:114500,BAL:FORCEMOT:2026-07-31:002:NEUTRAL:114500:BALANCE_ESCAPE_ACCEPTED:150000,BALANCE_ESCAPE_ACCEPTED,PERMIT,FORCEMOT
,[],False,"[""INSUFFICIENT_SESSION_TIME_REMAINING""]",,1651,"[""NO_EVENT_DRIVEN_SETUP_APPROVED""]",SETUP_QUALITY_REJECTED,"[""MEANINGFUL_CLOSE_OUTSIDE_FROZEN_BALANCE"", ""BALANCE_ESCAPE_ATTEMPT_RECORDED""]",BREAKOUT_INITIATION,BUY,2026-07-31T15:06:00+05:30,BAL:TCS:2026-07-31:001:NEUTRAL:100600,BAL:TCS:2026-07-31:001:NEUTRAL:100600:BALANCE_ESCAPE_STARTED:150600,BALANCE_ESCAPE_STARTED,PERMIT,TCS
,[],False,"[""INSUFFICIENT_SESSION_TIME_REMAINING""]",,1652,"[""NO_EVENT_DRIVEN_SETUP_APPROVED""]",SETUP_QUALITY_REJECTED,"[""MEANINGFUL_CLOSE_OUTSIDE_FROZEN_BALANCE"", ""BALANCE_ESCAPE_ATTEMPT_RECORDED""]",BREAKOUT_INITIATION,BUY,2026-07-31T15:06:00+05:30,BAL:TORNTPHARM:2026-07-31:007:NEUTRAL:142100,BAL:TORNTPHARM:2026-07-31:007:NEUTRAL:142100:BALANCE_ESCAPE_STARTED:150600,BALANCE_ESCAPE_STARTED,PERMIT,TORNTPHARM
,[],False,"[""INSUFFICIENT_SESSION_TIME_REMAINING""]",,1666,"[""NO_EVENT_DRIVEN_SETUP_APPROVED""]",SETUP_QUALITY_REJECTED,"[""OUTSIDE_ACCEPTANCE_CONFIRMED""]",ACCEPTED_BREAKOUT,BUY,2026-07-31T15:09:00+05:30,BAL:TORNTPHARM:2026-07-31:007:NEUTRAL:142100,BAL:TORNTPHARM:2026-07-31:007:NEUTRAL:142100:BALANCE_ESCAPE_ACCEPTED:150900,BALANCE_ESCAPE_ACCEPTED,PERMIT,TORNTPHARM
,[],False,"[""EXPECTED_FIRST_MOVE_BELOW_0_5_PERCENT""]",,1679,"[""NO_EVENT_DRIVEN_SETUP_APPROVED""]",SETUP_QUALITY_REJECTED,"[""ESCAPE_FAILED_BACK_INSIDE_FROZEN_BALANCE"", ""BALANCE_REARM_REQUIRED_AFTER_FAILED_ESCAPE""]",FAILED_BREAKOUT,SELL,2026-07-31T15:12:00+05:30,BAL:TCS:2026-07-31:001:NEUTRAL:100600,BAL:TCS:2026-07-31:001:NEUTRAL:100600:BALANCE_ESCAPE_FAILED:151200,BALANCE_ESCAPE_FAILED,PERMIT,TCS
